signal_time,entry_time,exit_time,bars,reason,entry,exit,R_px,r,gross_r,fee_r,fund_r,mfe,mae,stop_pct
2020-01-18 12:00:00,2020-01-18 16:00:00,2020-01-19 08:00:00,5,stop,175.705134,164.7631676184852,10.90900715614604,-1.0289803845622996,-1.0030212855209448,0.01560491696197432,0.010354182079380412,0.24886462728832923,-0.9999999999999992,0.062087014236852305
2020-02-02 08:00:00,2020-02-02 12:00:00,2020-02-15 16:00:00,80,trail,191.858364,263.8357017821734,7.963455812313194,7.864093305540815,9.038455097707848,0.028611577468513956,1.1457502146985172,12.198427201642584,-0.8976459678406324,0.041506951515093676
2020-04-30 00:00:00,2020-04-30 04:00:00,2020-04-30 08:00:00,2,stop,225.785148,215.42356765462617,10.318487013176458,-1.0342180774539722,-1.0041763227634377,0.02137952565580658,0.008662229034727912,0.16619219443802014,-0.9999999999999993,0.04570046836374046
2020-05-28 20:00:00,2020-05-29 00:00:00,2020-05-31 12:00:00,16,trail,220.354062,232.16796732582202,7.593615618135696,1.5047281671552897,1.5557681504983056,0.029796216458802035,0.021243766884213828,3.620928340688188,-0.44169499335593876,0.03446097407605627
2020-07-08 08:00:00,2020-07-08 12:00:00,2020-07-10 04:00:00,11,trail,244.18882799999997,237.8690534243382,7.284251179780565,-0.9184612733762814,-0.8675942687429606,0.03308904851897625,0.017777956114344358,0.6604895796776962,-0.86106191199469,0.029830403132859812
2020-07-25 16:00:00,2020-07-25 20:00:00,2020-08-02 04:00:00,45,trail,296.819352,374.67687094098204,12.62698105070868,5.67222547501897,6.165964661569866,0.02658973749324249,0.4671494490576541,8.884201817480669,-0.029251014040229555,0.042540962931246755
2020-08-30 20:00:00,2020-08-31 00:00:00,2020-09-02 08:00:00,15,trail,429.205824,452.30842985896976,16.824000040273617,1.2864039264284435,1.3731934025003738,0.02619811732491631,0.06059135874701419,3.5731202957737462,-0.6541740355238982,0.039197977053250836
2021-03-07 20:00:00,2021-03-08 00:00:00,2021-03-12 12:00:00,28,trail,1728.075546,1723.2257597592447,114.23886589853858,-0.20282640343623484,-0.042453032097348006,0.015105635365920576,0.14526773597296624,1.352555916803587,-0.5271020989781241,0.06610756466230243
2021-04-22 12:00:00,2021-04-22 16:00:00,2021-04-22 20:00:00,2,stop,2612.6224199999997,2404.7096382196396,207.43174364508914,-1.0144129539280935,-1.0023190189062576,0.012093935021835851,0.0,0.15912501828300502,-1.0000000000000004,0.07939599004324903
2021-04-28 16:00:00,2021-04-28 20:00:00,2021-05-04 00:00:00,32,trail,2738.5976100000003,3185.745301332032,190.38764304520848,2.2785721423556615,2.3486171905907476,0.0155586329463758,0.054486415288710476,3.78807352443954,-0.3813147158020208,0.0695201231279861
2021-05-12 00:00:00,2021-05-12 04:00:00,2021-05-12 16:00:00,4,stop,4339.277682,4011.8875194174243,326.5876245710901,-1.0284964360410676,-1.0024573436073687,0.012785489365044176,0.013253603068654548,0.12217951630103677,-1.0000000000000002,0.07526313098740522
2021-08-01 00:00:00,2021-08-01 04:00:00,2021-08-03 04:00:00,13,stop,2616.2431439999996,2485.1079859879565,130.6380369906417,-1.0352591380925709,-1.003805331378617,0.01952475422741308,0.011929052486540623,0.6334820845932394,-0.9999999999999982,0.04993344647275709
2021-08-06 16:00:00,2021-08-06 20:00:00,2021-08-09 04:00:00,15,trail,2931.156114,2902.183501307647,186.30963011145073,-0.18522209474606094,-0.15550786438157493,0.015654960003458042,0.014059270361027951,1.4197542330032407,-0.3526715927711013,0.06356182436738364
2021-08-13 20:00:00,2021-08-14 00:00:00,2021-08-15 08:00:00,9,stop,3324.784824,3139.2283987860233,184.9284539399645,-1.0437313543103028,-1.003395752576918,0.017477065008299132,0.022858536725085712,0.07140694532755294,-1.0000000000000004,0.05562117963395893
2021-08-23 00:00:00,2021-08-23 04:00:00,2021-08-24 16:00:00,10,stop,3348.439554,3191.139374671362,156.66182378259452,-1.0814203830429066,-1.0040747358267026,0.020871641765598813,0.056474005450605234,0.22060541084955568,-1.0000000000000007,0.04678651690022251
2021-08-31 08:00:00,2021-08-31 12:00:00,2021-09-07 08:00:00,42,trail,3432.496362,3824.570510858099,160.3081224433838,2.1707218980015703,2.4457534832432994,0.02263474477227779,0.2523968404694512,3.7673926236226465,-0.5769911130527208,0.04670307133260228
2021-10-02 12:00:00,2021-10-02 16:00:00,2021-10-10 20:00:00,50,trail,3386.937252,3458.3631326157465,177.88216462026804,0.3196220189764902,0.40153480686623044,0.019241109414281848,0.06267167847545842,1.6217069801000772,-0.6640758630983103,0.05252006499831903
2021-10-14 08:00:00,2021-10-14 12:00:00,2021-10-17 20:00:00,21,trail,3741.39813,3743.1176139917675,171.5268612238616,-0.09415420349848835,0.010024575623309107,0.021817328465608788,0.08236145065618866,1.3910466751245336,-0.09385194764912073,0.04584565856504066
2021-11-02 20:00:00,2021-11-03 00:00:00,2021-11-06 08:00:00,21,trail,4594.088634,4434.397903789301,198.7950439405233,-0.9014447243594662,-0.8032933168015777,0.022708027219457486,0.07544338033843098,0.41203927611247193,-0.8601755386374722,0.04327192176251846
2021-11-08 00:00:00,2021-11-08 04:00:00,2021-11-10 20:00:00,17,trail,4724.374686,4633.49946091496,158.2277964776499,-0.6494628073001907,-0.574331609919605,0.02957089195208753,0.04556030542849832,0.9680051003025557,-0.568473693106818,0.03349179669142988
2021-11-30 08:00:00,2021-11-30 12:00:00,2021-12-03 16:00:00,20,trail,4596.539124,4435.276165234037,228.4581666673873,-0.7494084125074977,-0.7058752204763427,0.019766890851364214,0.023766301179790936,0.8170024242195074,-0.7037573939480934,0.04970221301381603
2022-03-17 12:00:00,2022-03-17 16:00:00,2022-03-20 16:00:00,19,trail,2801.640216,2828.5241924242146,120.59473937802967,0.18018379560312206,0.22292826837115406,0.023343325079775143,0.019401147688256876,1.5785081918314636,-0.3452904845995789,0.04304433477550769
2022-03-22 00:00:00,2022-03-22 04:00:00,2022-03-31 16:00:00,58,trail,3007.931466,3307.02352082733,125.82212486877455,2.2923874467438514,2.3771022396837287,0.025094771660443167,0.05962002127943447,3.751872212397789,-0.7345406548839499,0.0418301169062522
2022-08-08 08:00:00,2022-08-08 12:00:00,2022-08-09 08:00:00,6,stop,1789.067742,1714.0244249735547,74.70044356675864,-1.0317615794296193,-1.0045899788985886,0.023447599503494884,0.003724001027535945,0.41113889735544806,-0.9999999999999998,0.04175383738306687
2022-08-10 12:00:00,2022-08-10 16:00:00,2022-08-14 16:00:00,25,trail,1837.2073679999999,1910.0494601619257,92.67615385289734,0.7536247859012912,0.7859852738121434,0.02021694185814971,0.012143546052702486,2.0802830500067504,-0.3658693913195865,0.050444035587439116
2022-09-10 20:00:00,2022-09-11 00:00:00,2022-09-12 16:00:00,11,stop,1773.3946079999998,1691.5327077755567,81.52352600804485,-0.9934018589276814,-1.0041506327433005,0.021251088400136377,-0.031999862215755556,0.17768358054791247,-1.0000000000000004,0.04597032473217312
2023-01-08 20:00:00,2023-01-09 00:00:00,2023-01-12 12:00:00,22,trail,1289.897928,1365.4310088413142,24.34846493853157,2.9977930733934612,3.1021701381175224,0.054527645655378515,0.0498494190686832,5.3322487609697315,-0.20896298854341636,0.018876272618162986
2023-01-12 16:00:00,2023-01-12 20:00:00,2023-01-14 08:00:00,10,trail,1426.03515,1541.2410759545596,45.85098199169733,2.4469250469466157,2.5126163268525223,0.03235782634373973,0.033333453562167034,4.773831235275085,-0.5525541416885588,0.03215277126352554
2023-01-20 20:00:00,2023-01-21 00:00:00,2023-01-23 12:00:00,16,trail,1659.341802,1599.806422023214,64.93378107530893,-0.9596859015390549,-0.916862979344109,0.025095937507807514,0.017726984687138424,0.3557192822825349,-0.9119344924431008,0.03913225171392924
2023-02-16 12:00:00,2023-02-16 16:00:00,2023-02-16 20:00:00,2,stop,1725.24498,1659.3033047778272,65.60974817580788,-1.0308521408027622,-1.005059111726438,0.025793029076324085,0.0,0.2934780354346782,-1.0000000000000004,0.038029235810793593
2023-03-14 12:00:00,2023-03-14 16:00:00,2023-03-14 20:00:00,2,stop,1770.6440579999999,1680.2414717362271,90.06647074632208,-1.0228892979289181,-1.0037318606432057,0.019157437285712373,0.0,0.0594665468250165,-0.9999999999999992,0.05086650269397176
2023-03-17 20:00:00,2023-03-18 00:00:00,2023-03-21 04:00:00,20,trail,1789.567842,1720.9197800807617,91.35817372716703,-0.7872362485754434,-0.7514167492473031,0.01921277253507999,0.016606726793060276,0.6193442326132491,-0.7476485827819181,0.051050410933326906
2023-04-04 08:00:00,2023-04-04 12:00:00,2023-04-06 08:00:00,12,trail,1864.552836,1854.3885910931801,59.39362277764296,-0.21772759610033868,-0.17113360713611786,0.03130758196899441,0.015286406995226412,1.354474777556118,-0.27852882559349723,0.03185408406288947
2023-04-13 08:00:00,2023-04-13 12:00:00,2023-04-18 00:00:00,28,trail,1985.54703,2054.7914804786765,58.73861476899924,1.0949104345814475,1.1788573964672724,0.03439252463109724,0.049554437254727794,2.7333462089871374,-0.007440250365432574,0.029583089134382904
2023-05-05 16:00:00,2023-05-05 20:00:00,2023-05-06 08:00:00,4,trail,1990.838088,1932.3001795578207,60.349294135367785,-1.009034909991944,-0.9699849729952859,0.032503596966336847,0.006546340030321423,0.5438657149225012,-0.9635799710989383,0.030313511932050088
2023-06-22 00:00:00,2023-06-22 04:00:00,2023-06-26 16:00:00,28,stop,1918.073538,1858.1468911388645,59.55494314216421,-1.0766062959719425,-1.0062413579689617,0.03170366916583742,0.03866126883714339,0.34264934064813807,-0.9999999999999984,0.031049353407097684
2023-07-03 04:00:00,2023-07-03 08:00:00,2023-07-05 08:00:00,13,trail,1968.3935999999999,1912.3215217716022,56.28453761109366,-1.051481548950643,-0.9962252620042116,0.0344740783746504,0.020782208571780987,0.17067564925871762,-0.9894287095449922,0.028594147842735146
2023-07-13 16:00:00,2023-07-13 20:00:00,2023-07-14 16:00:00,6,trail,1995.859092,1954.2305426214086,49.96034682046998,-0.8847621966025049,-0.8332317933696779,0.0395322479327041,0.011998155300122899,0.7089804265627564,-0.8254071020242036,0.02503200101686837
2023-10-22 20:00:00,2023-10-23 00:00:00,2023-10-27 16:00:00,29,trail,1663.152564,1762.9976151083765,37.598842245026844,2.5512627339824583,2.6555352544554194,0.04556191061390393,0.05871060985905695,5.571645920233323,-0.18358448260233273,0.022606971277847752
2023-11-05 00:00:00,2023-11-05 04:00:00,2023-11-11 00:00:00,36,trail,1890.217968,2022.4513562469351,51.624494404002654,2.409090449983544,2.5614466499585244,0.037895473548149365,0.11446072642683072,4.830691997647233,-0.7771111071044119,0.027311397562591922
2023-12-02 16:00:00,2023-12-02 20:00:00,2023-12-11 00:00:00,50,trail,2159.521818,2310.359006535646,57.25956292981166,2.4492871765697815,2.634270693273385,0.03903174068945298,0.14595177601415005,4.333043587917866,-0.19825191494938701,0.0265149268011756
2023-12-27 20:00:00,2023-12-28 00:00:00,2023-12-29 00:00:00,7,trail,2380.796064,2332.222845629842,76.19685286709696,-0.7154178676887627,-0.6374701387586137,0.03092659822742495,0.04702113070272405,0.9806695839568838,-0.6313473415675666,0.03200477941780441
2024-01-10 12:00:00,2024-01-10 16:00:00,2024-01-12 20:00:00,14,trail,2450.500002,2517.2232036069645,111.1378877218038,0.563928929088914,0.6003641330127065,0.022349368462184487,0.014085835461608067,2.423925841332585,-0.4435031384020998,0.045353147370372375
2024-02-07 16:00:00,2024-02-07 20:00:00,2024-02-17 12:00:00,59,trail,2419.143732,2728.650034349384,58.32009418264393,5.13432151537953,5.307026792173685,0.04413396307478331,0.1285713137193714,7.747522947836161,-0.15404179512922847,0.024107742508721646
2024-02-18 20:00:00,2024-02-19 00:00:00,2024-02-21 12:00:00,16,trail,2884.136712,2870.5249255603826,91.62544086208744,-0.21665086183952395,-0.1485590280553798,0.03140318662270979,0.0366886471614344,1.666494442627899,-0.30271845612998005,0.031768757868121285
2024-02-25 16:00:00,2024-02-25 20:00:00,2024-02-28 16:00:00,18,trail,3085.186914,3202.6557534703884,96.51672520881823,1.0738979004457918,1.2170827306483871,0.03257385004446826,0.1106109801581271,3.06602907796299,-0.4966695036149045,0.031283915010414255
2024-05-21 08:00:00,2024-05-21 12:00:00,2024-05-23 20:00:00,15,trail,3780.385926,3658.6029713728844,172.66261875656883,-0.7438523520373496,-0.7053232222709024,0.02154197866030534,0.01698715110614187,0.999081765597495,-0.7261903410417822,0.04567327837326438
2024-05-27 12:00:00,2024-05-27 16:00:00,2024-05-28 16:00:00,7,stop,3966.913224,3813.5002762755985,152.650095098621,-1.038641707357649,-1.0049973937146097,0.025484469876186425,0.008159843766852998,0.06660183207505825,-1.0000000000000002,0.03848082538712498
2024-10-20 12:00:00,2024-10-20 16:00:00,2024-10-21 12:00:00,6,trail,2706.251142,2669.340471850403,64.33941935639366,-0.6239632461422404,-0.5736867152179097,0.04177525743645221,0.008501273487878403,0.9908211581282316,-0.5653873725336038,0.02377437125397199
2024-11-07 00:00:00,2024-11-07 04:00:00,2024-11-13 04:00:00,37,trail,2854.7508359999997,3167.5730946353497,136.181676847883,2.1976653356951577,2.297095070908674,0.02211135914181163,0.07731837607170484,4.363649925267006,-0.6048599041118363,0.04770352464059425
2024-11-27 12:00:00,2024-11-27 16:00:00,2024-12-02 16:00:00,31,trail,3555.781014,3566.837491140283,175.32685649187357,-0.012871287886188253,0.06306208507648281,0.02031240007280464,0.05562097288986642,1.1990118924521045,-0.14134180293792437,0.04930755178723545
2024-12-04 12:00:00,2024-12-04 16:00:00,2024-12-05 20:00:00,8,trail,3825.144876,3706.7658976829325,155.73882585887685,-0.8101591966851028,-0.7601121792476896,0.024181223699824193,0.025865793737589,0.865905616382388,-0.7553509934884978,0.04071449079903473
2024-12-06 12:00:00,2024-12-06 16:00:00,2024-12-09 04:00:00,16,trail,3997.089258,3894.4465954086922,206.79447710585555,-0.5466776954949488,-0.49635108261990096,0.019080625275522015,0.03124598759952588,0.4629753334804558,-0.4925838392243807,0.051736267007789584
2025-01-06 12:00:00,2025-01-06 16:00:00,2025-01-07 12:00:00,6,stop,3713.7325979999996,3613.1948065464208,99.81500793556592,-1.0513097211152076,-1.0072412308826295,0.03670253379770409,0.0073659564348741895,0.3060401700285394,-1.0000000000000007,0.02687727382130864
2025-05-09 04:00:00,2025-05-09 08:00:00,2025-05-09 12:00:00,2,trail,2364.182742,2273.720221353122,124.82970312299895,-0.7432643818525625,-0.7246874612666695,0.01857692058589308,0.0,1.013919402462161,-0.7210438171667987,0.05280036137028825
2025-05-10 16:00:00,2025-05-10 20:00:00,2025-05-15 12:00:00,29,trail,2498.84967,2509.084893422431,147.62873559218966,0.03351745771357423,0.06933083441630696,0.016961245869016903,0.018852130833715827,1.624144032922849,-0.6252147973072731,0.05907867822724592
2025-05-29 00:00:00,2025-05-29 04:00:00,2025-05-29 12:00:00,3,stop,2762.592408,2646.1456144213607,115.91745858875726,-1.0302517329467469,-1.0045664820151028,0.023330126834517878,0.0023551240971261085,0.035090417349732936,-0.9999999999999996,0.04195966739540727
2025-06-10 08:00:00,2025-06-10 12:00:00,2025-06-12 16:00:00,14,trail,2773.5445979999995,2701.594113098351,103.67714324192929,-0.7368492507951556,-0.6939859900822394,0.026404752966245337,0.016458507746670882,1.0171518880870558,-0.8199936393079313,0.037380737745010766
2025-07-09 12:00:00,2025-07-09 16:00:00,2025-07-22 08:00:00,77,trail,2655.941082,3616.3625952831626,78.45225753302222,12.062489326172557,12.24211442072143,0.03997529118039093,0.13964980336848118,15.319876773387993,-0.06451161711782988,0.02953840281499973
2025-07-27 20:00:00,2025-07-28 00:00:00,2025-07-29 00:00:00,7,trail,3872.254296,3728.985869173702,145.02959434592483,-1.0205465192604228,-0.9878564955823689,0.026205824402443033,0.00648419927561098,0.4727014807507542,-0.9827130876698577,0.03745353049146048
2025-08-08 16:00:00,2025-08-08 20:00:00,2025-08-14 12:00:00,35,trail,4060.812,4506.358146193765,157.37856058630635,2.7588346734672475,2.8310472820052732,0.027218352087721415,0.044994256450304165,4.658754008605385,-0.35450826206663394,0.038755441174402154
2025-08-22 16:00:00,2025-08-22 20:00:00,2025-08-25 04:00:00,15,trail,4833.026412,4643.327566191985,249.45096583217557,-0.7918792672288456,-0.7604654693365256,0.018994422303755365,0.012419375588564666,0.4996716993425354,-0.7567418867061839,0.0516138221824755
2025-09-12 00:00:00,2025-09-12 04:00:00,2025-09-14 12:00:00,15,trail,4504.510722,4579.185608475063,128.0331138370809,0.5266171368675912,0.583246663594275,0.035474011598412944,0.02115551512827094,2.0579775817628234,-0.050227021801430224,0.028423312039589123
2025-10-05 04:00:00,2025-10-05 08:00:00,2025-10-07 12:00:00,14,trail,4605.8309819999995,4531.958903268978,136.45377872146514,-0.5942903083408654,-0.5413707075258931,0.03348309578117802,0.019436505033794224,0.946540427170176,-0.9900127593809825,0.0296263104865851
2026-01-06 12:00:00,2026-01-06 16:00:00,2026-01-06 16:00:00,1,stop,3271.394148,3181.739971591644,89.0177011189798,-1.0433963391618999,-1.0071499856924562,0.03624635346944354,0.0,-0.0073485159892609725,-1.0000000000000007,0.027210937322670728
2026-01-13 20:00:00,2026-01-14 00:00:00,2026-01-18 20:00:00,30,trail,3325.344936,3294.1471696003014,104.43505364788768,-0.35385865993420884,-0.29872887799612485,0.03169190743138086,0.02343787450670313,0.7509457912897454,-0.7078555850533151,0.031405780650686665
2026-04-07 20:00:00,2026-04-08 00:00:00,2026-04-12 00:00:00,25,trail,2239.5878279999997,2214.7344491013987,89.30601487699815,-0.305279348375377,-0.27829456876820413,0.02493853456139752,0.002046245045775381,1.012274169041264,-0.9359708650657614,0.039876094056445356
2026-04-13 20:00:00,2026-04-14 00:00:00,2026-04-16 12:00:00,16,trail,2369.27376,2300.426000869652,91.95634930070575,-0.7767600697686106,-0.7487004394357758,0.025390850095621472,0.0026687802372132295,0.5124848948264887,-0.7436961386004297,0.03881204057259544
2026-04-17 12:00:00,2026-04-17 16:00:00,2026-04-18 08:00:00,5,stop,2441.198142,2352.2011561724935,88.52645148940486,-1.0314612145842244,-1.0053151835432843,0.027073260124665578,-0.0009272290837256039,0.25598968013206974,-0.9999999999999986,0.03626352567058641
2026-05-06 08:00:00,2026-05-06 12:00:00,2026-05-06 12:00:00,1,stop,2409.4717979999996,2343.4779412968787,65.52506735699238,-1.0434225301940614,-1.0071543512282777,0.036268178965783826,0.0,-0.007352880652146092,-0.9999999999999968,0.027194784936425468
2026-08-19 12:00:00,2026-08-19 16:00:00,2026-08-23 04:00:00,22,trail,2085.56703,2383.1461240834165,58.23465204507565,5.031322226563396,5.110000380067175,0.038368162229461565,0.04030999127431896,7.964896392631951,-0.34939729672036246,0.02792269498289664
2026-09-11 12:00:00,2026-09-11 16:00:00,2026-09-13 08:00:00,11,trail,2558.5216020000003,2485.2333728315284,94.30186562156925,-0.8082473316546382,-0.7771662700987854,0.026742604409715376,0.004338457146137549,0.254590912298013,-0.7718944114721259,0.03685795169673507
2026-09-21 08:00:00,2026-09-21 12:00:00,2026-09-23 12:00:00,13,trail,2724.774846,2678.0767280629875,88.39818697658586,-0.572379425021981,-0.5282700871385663,0.030559741997276752,0.013549595886137937,0.9274528902014239,-0.5222097536811358,0.032442382205030776
