config,n,win,avgR,medR,PF,totR,maxDD,maxLS,bars,fundR,top10_gross,top10_net
A40_MA50_F0,76,0.34210526315789475,0.22994717554424676,-0.5257274624104298,1.4481038789388876,17.475985341362755,10.312648042484359,8,17.736842105263158,0.08599192408433746,0.6520165774317733,2.1070733356454094
A55_MA50_F0,70,0.34285714285714286,0.24601096392729782,-0.6046515850647883,1.4653421780392473,17.220767474910847,9.24291793701104,7,18.114285714285714,0.08954997811860695,0.6287145680782803,1.9797946930895463
A70_MA50_F0,63,0.38095238095238093,0.33228036909052916,-0.49010799810142075,1.6597094555011815,20.933663252703337,6.9453657018821,6,18.73015873015873,0.09521772130263069,0.6473632857244214,1.6286487293787328
B_MA50_F0,114,0.34210526315789475,0.07900177365788004,-0.43055641003853073,1.1664586191150748,9.006202196998325,7.746656391080672,9,18.026315789473685,0.05847768529422028,0.71111477392828,4.983136118985074
A40_MA100_F0,72,0.3055555555555556,0.2952552721711295,-0.6150538558441565,1.5503616437188292,21.258379596321326,14.387678568853797,8,16.875,0.08237177753785652,0.7787530065529568,2.193737163680755
A55_MA100_F0,66,0.3181818181818182,0.06860983042129085,-0.6487095253551642,1.1263311296682956,4.528248807805196,14.188307940866666,7,16.924242424242426,0.07355359528315693,0.6862877025202521,6.118738946502808
A70_MA100_F0,59,0.3389830508474576,0.137580699314901,-0.49010799810142075,1.2710710535126375,8.11726125957916,11.274974365211337,6,17.694915254237287,0.07939950878424147,0.6709100866340875,3.145944133760077
B_MA100_F0,120,0.3416666666666667,0.27442320981997825,-0.4617056895202171,1.5664116728858641,32.93078517839739,13.93600839626011,7,18.075,0.0702699538584475,0.7870625508375563,2.1766217504696486
A40_MA200_F0,60,0.31666666666666665,0.3913388284584652,-0.5717491974988069,1.7481983056988144,23.48032970750791,13.701071081364443,8,17.45,0.09701110029740735,0.7615226150649409,1.7793311415807576
A55_MA200_F0,56,0.32142857142857145,0.11096176268428563,-0.6046515850647883,1.2068490381420067,6.213858710319996,15.095167072118278,7,17.142857142857142,0.08482032152115956,0.6967496847573008,4.065146710026355
A70_MA200_F0,51,0.3333333333333333,0.15147752660984434,-0.49010799810142075,1.2946479968598408,7.7253538571020615,12.181833496462943,6,17.80392156862745,0.09024653147275326,0.7441680255118471,3.269785146424552
B_MA200_F0,100,0.36,0.37210568008786277,-0.4551652414250159,1.7980832187689315,37.210568008786275,12.268465159850592,7,18.76,0.08208937419613833,0.7838205480528678,1.7659493907842518
A40_MA50_F1,54,0.3333333333333333,0.2409165704936912,-0.6150538558441565,1.458733234129587,13.009494806659324,7.885994298845392,8,18.666666666666668,0.06877442808854091,0.5865309771449254,1.8651193450834835
A55_MA50_F1,47,0.3404255319148936,0.28568115192621985,-0.7154178676887627,1.5225801220846154,13.427014140532334,7.740936987046515,6,19.680851063829788,0.07175674021585543,0.550467063964087,1.603831018506078
A70_MA50_F1,42,0.38095238095238093,0.3934160901908991,-0.6824403374944767,1.7597574603006296,16.523475788017763,6.945365701882107,5,20.523809523809526,0.07812943405839452,0.5626765354115223,1.303276746416856
B_MA50_F1,99,0.36363636363636365,0.11476598812754636,-0.4240159619433295,1.2452704917514816,11.36183282462709,7.746656391080673,8,17.727272727272727,0.049507725698378524,0.711605952520366,3.612916858038485
A40_MA100_F1,51,0.27450980392156865,0.34465200310140476,-0.7100136694647449,1.6046863895671033,17.577252158171643,13.390097129503514,8,17.254901960784313,0.06275495414876892,0.8055195602810588,2.137647377574471
A55_MA100_F1,44,0.29545454545454547,0.015856808952560572,-0.7127157685767538,1.0283986009201516,0.6976995939126652,10.318831917591595,6,17.954545454545453,0.04796565389256273,0.6038242246736988,21.866288047150938
A70_MA100_F1,39,0.3076923076923077,0.07390289904880772,-0.7100136694647449,1.1386564717699241,2.8822130629035008,9.523260632427187,6,18.743589743589745,0.051934233708080826,0.5482937854919768,4.502626233830727
B_MA100_F1,104,0.34615384615384615,0.30790739667555656,-0.4617056895202171,1.6379928341231973,32.02236925425788,13.936008396260107,7,17.66346153846154,0.059729542323593406,0.8344043912873309,2.1422629543604805
A40_MA200_F1,40,0.275,0.47034351127205987,-0.6824403374944767,1.8247974860085765,18.813740450882396,12.70348964201417,8,17.9,0.07735059085227952,0.7860556753199365,1.739084374672402
A55_MA200_F1,35,0.2857142857142857,0.03993850508433249,-0.7154178676887627,1.0707777244045835,1.3978476779516371,11.225691048843204,6,18.2,0.057414640718700914,0.6057014111458218,9.163498602865033
A70_MA200_F1,32,0.28125,0.04702637006095537,-0.7324131400981302,1.0833894977863132,1.5048438419505719,10.430119763678794,5,18.71875,0.06084562933876612,0.6551737200516227,8.511963093343136
B_MA200_F1,84,0.36904761904761907,0.4321684771981759,-0.4551652414250159,1.9385742694538515,36.30215208464678,12.268465159850592,7,18.38095238095238,0.07129065902683153,0.8353473709112119,1.725364706883243
