signal_time,entry_time,exit_time,bars,reason,entry,exit,R_px,r,gross_r,fee_r,fund_r,mfe,mae,stop_pct,sym
2020-01-14 00:00:00,2020-01-14 04:00:00,2020-01-19 08:00:00,32,trail,8471.233908,8771.650930247344,275.7546703378133,0.9271193374474024,1.0894358448374348,0.031264900821306,0.1310516065687265,2.6620259635157995,-0.012670349320721,0.0325518895278523,BTC
2020-01-18 12:00:00,2020-01-18 16:00:00,2020-01-19 08:00:00,5,stop,175.705134,164.7631676184852,10.90900715614604,-1.0289803845622996,-1.0030212855209448,0.0156049169619743,0.0103541820793804,0.2488646272883292,-0.9999999999999992,0.0620870142368523,ETH
2020-02-02 08:00:00,2020-02-02 12:00:00,2020-02-15 16:00:00,80,trail,191.858364,263.8357017821734,7.963455812313194,7.864093305540815,9.038455097707848,0.0286115774685139,1.1457502146985172,12.198427201642584,-0.8976459678406324,0.0415069515150936,ETH
2020-04-30 00:00:00,2020-04-30 04:00:00,2020-04-30 04:00:00,1,stop,18.123624,17.457122645211868,0.6630092318344967,-1.0320998490735245,-1.005267080435626,0.0268327686378986,0.0,-0.0054659872381734,-1.0000000000000009,0.0365825969372624,BNB
2020-04-30 00:00:00,2020-04-30 04:00:00,2020-04-30 08:00:00,2,stop,9307.891206,8893.558688512225,412.5534499365623,-1.048071652652811,-1.0043123322601877,0.0220595051348025,0.0216998152578207,0.4166218802107453,-0.9999999999999998,0.0443229772250264,BTC
2020-04-30 00:00:00,2020-04-30 04:00:00,2020-04-30 08:00:00,2,stop,225.785148,215.42356765462617,10.318487013176458,-1.0342180774539722,-1.0041763227634375,0.0213795256558065,0.0086622290347279,0.1661921944380201,-0.9999999999999992,0.0457004683637404,ETH
2020-05-07 12:00:00,2020-05-07 16:00:00,2020-05-10 00:00:00,15,trail,9520.45371,9444.943494606494,424.5985297067842,-0.273930361319974,-0.1778390882456684,0.0223333288715147,0.0737579442027908,1.3178243702030883,-0.1733893164258271,0.04459856038802,BTC
2020-05-30 16:00:00,2020-05-30 20:00:00,2020-05-31 12:00:00,5,trail,17.6115216,17.28227070584293,0.5184089745781029,-0.6822530179726002,-0.6351180444455552,0.0336546954402559,0.013480278086789,1.1409493836046396,-0.631782272416383,0.0294357856380849,BNB
2020-05-28 20:00:00,2020-05-29 00:00:00,2020-05-31 12:00:00,16,trail,220.354062,232.167967325822,7.593615618135696,1.5047281671552897,1.5557681504983056,0.029796216458802,0.0212437668842138,3.620928340688188,-0.4416949933559387,0.0344609740760562,ETH
2020-07-08 08:00:00,2020-07-08 12:00:00,2020-07-09 00:00:00,4,stop,17.358471,16.76085574233723,0.5942624159459607,-1.0523514855780605,-1.005642022155267,0.0287072897652675,0.0180021736575257,0.1876763480363517,-0.9999999999999972,0.0342347212462411,BNB
2020-07-08 08:00:00,2020-07-08 12:00:00,2020-07-10 04:00:00,11,trail,244.188828,237.8690534243382,7.284251179780565,-0.9184612733762814,-0.8675942687429606,0.0330890485189762,0.0177779561143443,0.6604895796776962,-0.86106191199469,0.0298304031328598,ETH
2020-07-12 00:00:00,2020-07-12 04:00:00,2020-07-14 08:00:00,14,trail,18.0726138,17.876152864143034,0.6814491949876508,-0.4089081751341515,-0.2882987276263868,0.0263767034494732,0.0942327440582914,1.4621577181818468,-0.4000500727056237,0.0377061781172821,BNB
2020-07-24 12:00:00,2020-07-24 16:00:00,2020-07-27 08:00:00,17,trail,19.083816,19.09127674411678,0.7241854871290992,-0.0634411644003127,0.0103022557747703,0.0263572616564403,0.0473861585186427,1.7346163687702616,-0.2786799840467114,0.0379476246851834,BNB
2020-07-26 08:00:00,2020-07-26 12:00:00,2020-07-28 08:00:00,12,trail,9981.135828,10794.009733021368,228.94628069283888,3.268769830092144,3.550500591498779,0.0453712231055937,0.2363595383010412,6.581736848661259,-0.747493374786898,0.0229378985155755,BTC
2020-08-01 04:00:00,2020-08-01 08:00:00,2020-08-02 04:00:00,6,trail,21.0812154,20.880422153589567,0.8584460196223009,-0.2965815029222776,-0.233903171336014,0.0244404636951149,0.0382378678911487,1.361512050011299,-0.5174645695199878,0.0407208978862907,BNB
2020-07-25 16:00:00,2020-07-25 20:00:00,2020-08-02 04:00:00,45,trail,296.819352,374.6768709409821,12.62698105070868,5.67222547501897,6.165964661569866,0.0265897374932424,0.4671494490576541,8.884201817480669,-0.0292510140402295,0.0425409629312467,ETH
2020-08-03 08:00:00,2020-08-03 12:00:00,2020-08-07 16:00:00,26,trail,22.4464884,22.0617807381793,1.4049847890984863,-0.3307094274009379,-0.2738162468417522,0.01583941316786,0.0410537673913256,0.7854260121264894,-0.7448396652546568,0.0625926320438829,BNB
2020-08-30 20:00:00,2020-08-31 00:00:00,2020-09-02 08:00:00,15,trail,429.205824,452.30842985896976,16.824000040273617,1.2864039264284437,1.3731934025003738,0.0261981173249163,0.0605913587470141,3.5731202957737462,-0.6541740355238982,0.0391979770532508,ETH
2020-09-01 04:00:00,2020-09-01 08:00:00,2020-09-02 08:00:00,7,stop,11936.626848,11682.444436698794,251.8454550226108,-1.110520183262175,-1.009279326793432,0.0468919943037651,0.0543488621649778,0.4941250656630959,-0.9999999999999992,0.0210985446918622,BTC
2020-09-12 00:00:00,2020-09-12 04:00:00,2020-09-15 00:00:00,18,trail,26.5383066,28.502865950157588,2.096306826832539,1.1287985641290557,0.9371525794847408,0.0131281289183519,-0.2047741135626668,3.2264806436850413,-0.2901801359484845,0.0789917329100621,BNB
2020-09-30 12:00:00,2020-09-30 16:00:00,2020-10-01 16:00:00,7,stop,29.0838156,27.58300716589234,1.495290729133482,-0.9712233143464925,-1.0036900549616683,0.0189484297808529,-0.0514151703960287,0.3110996349650179,-1.0000000000000009,0.0514131553334935,BNB
2020-10-12 04:00:00,2020-10-12 08:00:00,2020-10-16 04:00:00,24,trail,29.6769342,30.023667975424427,1.077202035481506,0.5755190160401071,0.321883698696726,0.0277109586730118,-0.2813462760163929,2.0553858302080905,-0.3341380615188946,0.0362976184878795,BNB
2020-10-19 12:00:00,2020-10-19 16:00:00,2020-10-25 04:00:00,34,trail,11803.480224,12799.938876668284,238.64241294012385,4.047778459922857,4.175530411345187,0.051548714240585,0.0762032371817442,6.560107051854161,-0.6179547976536818,0.0202179703283521,BTC
2020-10-27 12:00:00,2020-10-27 16:00:00,2020-10-28 04:00:00,4,stop,32.0644116,30.910722034639385,1.1475061842774716,-1.032828535842866,-1.0053885383520065,0.0274399974908595,0.0,0.3342800285137701,-0.9999999999999998,0.0357875328757778,BNB
2020-10-27 08:00:00,2020-10-27 12:00:00,2020-10-28 12:00:00,7,trail,13451.53977,13191.181728364496,414.17019038880136,-0.6685981492951819,-0.6286257381080298,0.0321639776553615,0.0078084335317905,0.9934568917520192,-0.6222545309093296,0.0307897978573795,BTC
2020-10-31 08:00:00,2020-10-31 12:00:00,2020-11-02 08:00:00,12,stop,13932.395922,13365.933242439278,563.7889581679557,-1.0285402399310424,-1.0047424153205389,0.0242097053950345,-0.0004118807845307,0.0086097429360336,-0.9999999999999998,0.0404660448442828,BTC
2020-11-05 00:00:00,2020-11-05 04:00:00,2020-11-07 16:00:00,16,trail,14303.41011,14956.36422997107,538.1385292075678,1.1327791538694252,1.2133569416272316,0.0271860987012557,0.0533916890565507,3.123340550387718,-0.1277739954826343,0.0376230930294963,BTC
2020-11-12 20:00:00,2020-11-13 00:00:00,2020-11-18 12:00:00,34,trail,16292.267802,17328.09071045867,680.6838431362839,1.444078372202872,1.5217386440172649,0.0246960162573796,0.0529642555570131,3.272785479578324,-0.8701070371688236,0.0417795638648122,BTC
2020-12-16 08:00:00,2020-12-16 12:00:00,2020-12-21 08:00:00,30,trail,19752.789768,22609.469846853808,574.8616840504907,4.689356742324844,4.969334638422178,0.0368456106835719,0.2431322854137624,8.042300191977903,-0.1066165474243289,0.0291028098209084,BTC
2020-12-25 08:00:00,2020-12-25 12:00:00,2020-12-27 20:00:00,15,trail,24610.141044,26268.65262701885,1214.6425375253446,1.3037687011931267,1.3654318301727064,0.020943937042859,0.0407191919367207,3.169408971830672,-0.7427214313093131,0.0493553667715153,BTC
2021-01-02 04:00:00,2021-01-02 08:00:00,2021-01-02 20:00:00,4,trail,29784.725754,30881.202215134414,1423.4443931715095,0.7232563412155025,0.7702980646060973,0.0213095531726278,0.0257321702179669,2.5960088527004093,-0.206285370477847,0.0477910861066211,BTC
2021-02-01 08:00:00,2021-02-01 12:00:00,2021-02-06 00:00:00,28,trail,48.6437268,61.727909464887,2.5194616249974158,5.277920344874553,5.19324546763058,0.021903813729451,-0.1065786909734239,8.000230287302225,-0.5730298829224971,0.0517941734883153,BNB
2021-02-06 04:00:00,2021-02-06 08:00:00,2021-02-07 12:00:00,8,trail,70.339065,66.1390041607714,5.936498230374299,-0.7165839029418472,-0.7074980360878138,0.0114948294318085,-0.0024089625777751,0.8757578623370021,-0.7052693742726976,0.08439831024729,BNB
2021-03-07 20:00:00,2021-03-08 00:00:00,2021-03-12 12:00:00,28,trail,1728.075546,1723.2257597592447,114.23886589853858,-0.2028264034362348,-0.042453032097348,0.0151056353659205,0.1452677359729662,1.352555916803587,-0.5271020989781241,0.0661075646623024,ETH
2021-03-09 20:00:00,2021-03-10 00:00:00,2021-03-15 04:00:00,32,trail,54928.763556,57724.22543213863,2555.926217471932,0.814960066923894,1.0937177517211834,0.022037605823294,0.2567200789739955,2.747041912244521,-0.7307580098487365,0.0465316539460452,BTC
2021-03-28 00:00:00,2021-03-28 04:00:00,2021-03-28 16:00:00,4,stop,278.34365760000003,261.13222261509026,17.15919809300841,-1.024580554436327,-1.0030442501810528,0.0157197287801841,0.0058165754750897,0.1938518561281322,-0.9999999999999992,0.0616475268053975,BNB
2021-04-05 08:00:00,2021-04-05 12:00:00,2021-04-07 08:00:00,12,trail,364.77294,365.2226377845724,27.59582586167783,-0.0710395670514176,0.0162958625274147,0.0132265579121209,0.0741088716667114,1.8122690094754532,-0.1974189874696064,0.0756520641626482,BNB
2021-04-08 12:00:00,2021-04-08 16:00:00,2021-04-13 04:00:00,28,trail,418.288641,556.6104516714717,38.98686773431887,3.354028718586937,3.547907762533882,0.0125029163578239,0.1813761275891209,5.69964636590681,-0.3395666738404436,0.0932056573210145,BNB
2021-04-22 12:00:00,2021-04-22 16:00:00,2021-04-22 20:00:00,2,stop,2612.62242,2404.70963821964,207.43174364508917,-1.0144129539280935,-1.0023190189062576,0.0120939350218358,0.0,0.159125018283005,-1.0000000000000004,0.079395990043249,ETH
2021-04-28 16:00:00,2021-04-28 20:00:00,2021-05-04 00:00:00,32,trail,2738.5976100000003,3185.745301332032,190.38764304520848,2.278572142355661,2.348617190590748,0.0155586329463758,0.0544864152887104,3.78807352443954,-0.3813147158020208,0.0695201231279861,ETH
2021-04-30 16:00:00,2021-04-30 20:00:00,2021-05-04 12:00:00,23,trail,626.370249,624.4122805679369,46.51596397541945,-0.1338409847538979,-0.0420923972057779,0.0134446588081985,0.0783039287399215,1.1868130052979788,-0.652899486637503,0.0742627288727109,BNB
2021-05-12 00:00:00,2021-05-12 04:00:00,2021-05-12 16:00:00,4,stop,4339.277682,4011.887519417424,326.5876245710901,-1.0284964360410676,-1.0024573436073687,0.0127854893650441,0.0132536030686545,0.1221795163010367,-1.0000000000000002,0.0752631309874052,ETH
2021-08-01 00:00:00,2021-08-01 04:00:00,2021-08-03 04:00:00,13,stop,2616.243144,2485.1079859879565,130.6380369906417,-1.0352591380925709,-1.003805331378617,0.019524754227413,0.0119290524865406,0.6334820845932394,-0.9999999999999982,0.049933446472757,ETH
2021-08-06 16:00:00,2021-08-06 20:00:00,2021-08-09 04:00:00,15,trail,2931.156114,2902.183501307647,186.30963011145076,-0.1852220947460609,-0.1555078643815749,0.015654960003458,0.0140592703610279,1.4197542330032409,-0.3526715927711013,0.0635618243673836,ETH
2021-08-10 12:00:00,2021-08-10 16:00:00,2021-08-12 04:00:00,10,trail,369.943974,377.8368320686874,18.13606766126025,0.3963405274014974,0.4352022839850284,0.0206158473831125,0.0182459092004184,2.1810696088487878,-0.438020752258704,0.0490238223511656,BNB
2021-08-13 20:00:00,2021-08-14 00:00:00,2021-08-15 08:00:00,9,stop,3324.784824,3139.2283987860237,184.9284539399645,-1.0437313543103028,-1.003395752576918,0.0174770650082991,0.0228585367250857,0.0714069453275529,-1.0000000000000004,0.0556211796339589,ETH
2021-08-07 00:00:00,2021-08-07 04:00:00,2021-08-15 12:00:00,51,trail,43679.024058,45501.19364302007,2223.4229498120803,0.7483729936808411,0.819533496842816,0.0200547128715563,0.0511057902904185,2.078316202677746,-0.5774088362758476,0.0509036774003848,BTC
2021-08-13 20:00:00,2021-08-14 00:00:00,2021-08-17 20:00:00,24,trail,411.342252,404.4023324750094,24.020160273123174,-0.3575531865679495,-0.2889206169350928,0.0169804151013048,0.0516521545315518,1.1064767136353633,-0.6204060185507804,0.0583945854245072,BNB
2021-08-23 00:00:00,2021-08-23 04:00:00,2021-08-24 16:00:00,10,trail,464.812944,470.3822079780601,24.26220080519077,0.1497927698543115,0.2295448802347951,0.0192726776826028,0.0604794326978806,1.8933589895180487,-0.047520173839849,0.052197773574031,BNB
2021-08-20 12:00:00,2021-08-20 16:00:00,2021-08-24 16:00:00,25,trail,48760.740198,48033.524083691605,2037.9155414013871,-0.4374705350159772,-0.3568431073489526,0.0237483502910847,0.0568790773759399,0.9025201312980912,-0.3521281786157245,0.0417941879702018,BTC
2021-08-23 00:00:00,2021-08-23 04:00:00,2021-08-24 16:00:00,10,stop,3348.439554,3191.139374671362,156.66182378259452,-1.0814203830429066,-1.0040747358267026,0.0208716417655988,0.0564740054506052,0.2206054108495556,-1.0000000000000009,0.0467865169002225,ETH
2021-09-05 20:00:00,2021-09-06 00:00:00,2021-09-07 08:00:00,9,trail,51809.919912,50683.52814674318,1565.175643994951,-0.7657226879835458,-0.7196583780091413,0.0327418358610344,0.01332247411337,0.7284039285776671,-0.7131806811353623,0.0302099606919568,BTC
2021-08-31 08:00:00,2021-08-31 12:00:00,2021-09-07 08:00:00,42,trail,3432.496362,3824.570510858099,160.3081224433838,2.1707218980015703,2.4457534832432994,0.0226347447722777,0.2523968404694512,3.7673926236226474,-0.5769911130527208,0.0467030713326022,ETH
2021-10-07 04:00:00,2021-10-07 08:00:00,2021-10-08 12:00:00,8,stop,445.519086,422.41023324796254,23.02435380559857,-1.0195640419994485,-1.003669981236058,0.018848071189666,-0.0029540104262757,0.2237158985433724,-1.000000000000001,0.0516798371363119,BNB
2021-10-02 12:00:00,2021-10-02 16:00:00,2021-10-10 20:00:00,50,trail,3386.937252,3458.3631326157465,177.88216462026804,0.3196220189764902,0.4015348068662304,0.0192411094142818,0.0626716784754584,1.6217069801000772,-0.6640758630983103,0.052520064998319,ETH
2021-10-04 16:00:00,2021-10-04 20:00:00,2021-10-12 20:00:00,49,trail,49378.263678,54502.33436120986,1975.6723608774173,2.4797038594755283,2.5935832199091,0.0262899355420134,0.0875894248915581,4.303211651057512,-0.4186897050240812,0.0400109727178936,BTC
2021-10-14 00:00:00,2021-10-14 04:00:00,2021-10-17 08:00:00,20,trail,58129.413558,60377.492086,2607.032192820448,0.7731886375646785,0.8623132979297384,0.0227283165068613,0.0663963438581986,2.2509106171226154,-0.5099336945899999,0.0448487612939569,BTC
2021-10-14 08:00:00,2021-10-14 12:00:00,2021-10-17 20:00:00,21,trail,3741.39813,3743.117613991768,171.5268612238616,-0.0941542034984883,0.0100245756233091,0.0218173284656087,0.0823614506561886,1.3910466751245336,-0.0938519476491207,0.0458456585650406,ETH
2021-10-19 00:00:00,2021-10-19 04:00:00,2021-10-21 12:00:00,15,trail,494.308842,479.5725038558986,21.239764960000198,-0.642560213064108,-0.6938089085191655,0.0229258974308322,-0.0741745928858896,0.5815110488868585,-0.757957634197843,0.0429686122426274,BNB
2021-10-19 16:00:00,2021-10-19 20:00:00,2021-10-21 12:00:00,11,trail,64232.833998,63289.17991175608,2758.0883885931744,-0.4152540720698158,-0.34214062542254,0.0231178258168153,0.0499956208304604,1.0576767641184888,-0.3375503562678877,0.042938917947775,BTC
2021-11-02 20:00:00,2021-11-03 00:00:00,2021-11-06 08:00:00,21,trail,4594.088634,4434.397903789301,198.7950439405233,-0.9014447243594662,-0.8032933168015777,0.0227080272194574,0.0754433803384309,0.4120392761124719,-0.8601755386374722,0.0432719217625184,ETH
2021-10-29 12:00:00,2021-10-29 16:00:00,2021-11-10 00:00:00,69,trail,518.3036400000001,631.7271903682944,24.08395799752362,4.694770678417401,4.709506235642697,0.0238754533305228,-0.0091398961052263,6.288267070369915,-0.4249152070873211,0.0464668895582589,BNB
2021-11-08 00:00:00,2021-11-08 04:00:00,2021-11-10 20:00:00,17,trail,4724.374686,4633.49946091496,158.2277964776499,-0.6494628073001907,-0.574331609919605,0.0295708919520875,0.0455603054284983,0.9680051003025556,-0.568473693106818,0.0334917966914298,ETH
2021-11-08 00:00:00,2021-11-08 04:00:00,2021-11-10 20:00:00,17,trail,65288.044998,65495.59478471381,2047.2997593375449,-0.0639533816713348,0.1013773316619589,0.0319405204797738,0.1333901928535199,1.9101526213559417,-0.0869657690272031,0.0313579577915108,BTC
2021-11-30 08:00:00,2021-11-30 12:00:00,2021-12-03 16:00:00,20,trail,4596.539124,4435.276165234037,228.4581666673873,-0.7494084125074977,-0.7058752204763427,0.0197668908513642,0.0237663011797909,0.8170024242195074,-0.7037573939480934,0.049702213013816,ETH
2022-03-19 12:00:00,2022-03-19 16:00:00,2022-03-20 12:00:00,6,stop,403.18062,390.5519007218354,12.550593272819192,-1.037846200205933,-1.006224885441442,0.0316213147644909,0.0,0.2557154016735212,-0.9999999999999994,0.0311289597025253,BNB
2022-03-17 12:00:00,2022-03-17 16:00:00,2022-03-20 16:00:00,19,trail,2801.640216,2828.5241924242146,120.59473937802969,0.180183795603122,0.222928268371154,0.0233433250797751,0.0194011476882568,1.5785081918314636,-0.3452904845995789,0.0430443347755076,ETH
2022-03-24 12:00:00,2022-03-24 16:00:00,2022-03-31 12:00:00,42,trail,414.172818,431.2828615415097,13.1601894255841,1.2651004336056504,1.3001365700897034,0.0321217139130953,0.0029144225709576,2.927555277061679,-0.6734567196099901,0.0317746333260916,BNB
2022-03-24 12:00:00,2022-03-24 16:00:00,2022-03-31 12:00:00,42,trail,43979.49414,46361.82935515654,1511.5091715647468,1.5029163409285036,1.5761301750424026,0.0298844774463502,0.0433293566675487,2.792246279015857,-0.267543292232464,0.0343684983450049,BTC
2022-03-22 00:00:00,2022-03-22 04:00:00,2022-03-31 16:00:00,58,trail,3007.931466,3307.02352082733,125.82212486877457,2.2923874467438514,2.3771022396837287,0.0250947716604431,0.0596200212794344,3.751872212397789,-0.7345406548839499,0.0418301169062522,ETH
2022-08-08 08:00:00,2022-08-08 12:00:00,2022-08-09 08:00:00,6,stop,1789.067742,1714.0244249735547,74.70044356675864,-1.031761579429619,-1.0045899788985886,0.0234475995034948,0.0037240010275359,0.411138897355448,-0.9999999999999998,0.0417538373830668,ETH
2022-08-03 16:00:00,2022-08-03 20:00:00,2022-08-09 12:00:00,35,trail,302.700528,315.7561688878938,14.630417426637276,0.8724398957346544,0.8923628429168212,0.0211359894544732,-0.0012130422723064,2.138658869912488,-0.4839593972970722,0.0483329762366231,BNB
2022-08-10 12:00:00,2022-08-10 16:00:00,2022-08-14 16:00:00,25,trail,1837.207368,1910.0494601619257,92.67615385289734,0.7536247859012912,0.7859852738121434,0.0202169418581497,0.0121435460527024,2.0802830500067504,-0.3658693913195865,0.0504440355874391,ETH
2022-09-10 20:00:00,2022-09-11 00:00:00,2022-09-12 16:00:00,11,stop,1773.3946079999998,1691.532707775557,81.52352600804485,-0.9934018589276814,-1.0041506327433003,0.0212510884001363,-0.0319998622157555,0.1776835805479124,-1.0000000000000004,0.0459703247321731,ETH
2022-09-12 08:00:00,2022-09-12 12:00:00,2022-09-13 00:00:00,4,stop,298.729734,289.0808493008963,9.591056963696408,-1.0357561835317848,-1.0060293391673272,0.0306436811670417,-0.0009168368025843,0.065713925210293,-1.0000000000000009,0.0321061343150274,BNB
2022-10-26 08:00:00,2022-10-26 12:00:00,2022-10-27 20:00:00,9,trail,20600.1192,20193.51956950449,510.1791192316082,-0.839090229778541,-0.7969742687781892,0.0399797220542313,0.0021362389461204,0.8426075936770047,-0.7890564382281124,0.024765833356518,BTC
2022-10-28 12:00:00,2022-10-28 16:00:00,2022-11-02 08:00:00,29,trail,296.879364,317.2110072980888,7.568082469749143,2.6735377483287963,2.686498644717165,0.0405710676219972,-0.027610171233629,5.417572570579958,-0.1862247148644903,0.0254921135904519,BNB
2022-11-05 00:00:00,2022-11-05 04:00:00,2022-11-06 20:00:00,11,stop,21440.68728,20861.489255612963,575.0248919094184,-1.0579546729338392,-1.0072573075293536,0.0367829089929872,0.013914456411498,0.0261079480405584,-1.000000000000001,0.0268193311343058,BTC
2022-11-04 00:00:00,2022-11-04 04:00:00,2022-11-06 20:00:00,17,trail,340.248036,340.31856060215364,16.51035907279156,-0.0002778469763877,0.0042715365451892,0.0206102905939732,-0.0160609070723962,1.2569056740987803,-0.1113262280908839,0.0485244801612655,BNB
2022-11-26 00:00:00,2022-11-26 04:00:00,2022-11-28 00:00:00,12,trail,309.671922,300.5908281809306,13.114911991746764,-0.6400058498785183,-0.6924250673419801,0.023265987242803,-0.0756852047062647,0.6350083023996561,-0.6878401954257728,0.0423509884494686,BNB
2023-01-09 00:00:00,2023-01-09 04:00:00,2023-01-09 20:00:00,5,trail,278.60571,271.7232905285635,7.195044520547836,-0.9947935626054736,-0.9565499493132336,0.0382436132922399,0.0,0.6871799035961437,-0.948995370734004,0.0258251868583304,BNB
2023-01-08 20:00:00,2023-01-09 00:00:00,2023-01-12 12:00:00,22,trail,1289.897928,1365.4310088413142,24.34846493853157,2.997793073393461,3.1021701381175224,0.0545276456553785,0.0498494190686832,5.332248760969732,-0.2089629885434163,0.0188762726181629,ETH
2023-01-11 20:00:00,2023-01-12 00:00:00,2023-01-12 12:00:00,4,stop,284.796948,276.7605112456292,7.981073579486707,-1.0421173794677054,-1.0069368079786158,0.0351805714890893,0.0,0.426390255158989,-0.999999999999998,0.0280237328227502,BNB
2023-01-08 20:00:00,2023-01-09 00:00:00,2023-01-14 08:00:00,33,trail,17128.02492,20390.607935948712,177.6948311451872,18.11439289102202,18.36059605629715,0.10557041140182,0.1406327538733072,24.8514548878008,-0.1678434865425566,0.010374507975972,BTC
2023-01-12 16:00:00,2023-01-12 20:00:00,2023-01-14 08:00:00,10,trail,1426.03515,1541.2410759545596,45.85098199169733,2.446925046946616,2.5126163268525223,0.0323578263437397,0.033333453562167,4.773831235275085,-0.5525541416885588,0.0321527712635255,ETH
2023-01-20 20:00:00,2023-01-21 00:00:00,2023-01-23 12:00:00,16,trail,1659.341802,1599.806422023214,64.93378107530893,-0.9596859015390548,-0.916862979344109,0.0250959375078075,0.0177269846871384,0.3557192822825349,-0.9119344924431008,0.0391322517139292,ETH
2023-01-24 00:00:00,2023-01-24 04:00:00,2023-01-24 16:00:00,4,stop,322.40446799999995,309.74349388502907,12.599013023975653,-1.0399582880325404,-1.0049179321330426,0.0250872016991356,0.009953154200362,0.0306001747332437,-1.0000000000000009,0.0390782829472935,BNB
2023-01-20 20:00:00,2023-01-21 00:00:00,2023-01-25 00:00:00,25,trail,22665.5322,22321.11408297162,767.5557298690441,-0.5137055653758664,-0.4487206643446463,0.029305133511704,0.0356797675195161,0.9438634509621948,-0.4931657536640119,0.0338644477039477,BTC
2023-01-29 16:00:00,2023-01-29 20:00:00,2023-01-30 08:00:00,4,stop,23901.2793,23255.896081269184,640.7311090926345,-1.0514560895529232,-1.007260627074543,0.0367995050591896,0.0073959574191907,0.0137666173451318,-0.9999999999999994,0.0268073980915588,BTC
2023-02-02 00:00:00,2023-02-02 04:00:00,2023-02-06 04:00:00,25,trail,328.055598,322.1998926400207,11.767904209190489,-0.5557993195586346,-0.4975996792535131,0.0276283473709866,0.0305712929341347,0.8603402798004666,-0.8086060041658456,0.0358716762674797,BNB
2023-02-16 12:00:00,2023-02-16 16:00:00,2023-02-16 20:00:00,2,stop,1725.24498,1659.3033047778272,65.60974817580788,-1.0308521408027622,-1.005059111726438,0.025793029076324,0.0,0.2934780354346782,-1.0000000000000004,0.0380292358107935,ETH
2023-02-15 20:00:00,2023-02-16 00:00:00,2023-02-16 20:00:00,6,trail,24337.56654,24048.31290198981,719.9254042471489,-0.4468842272757645,-0.4017827906943599,0.0336047867991188,0.0114966497822857,1.3229613156879678,-0.3951006751905032,0.0295808294171036,BTC
2023-03-14 12:00:00,2023-03-14 16:00:00,2023-03-14 16:00:00,1,stop,25916.48226,24448.429727803792,1463.1618681178286,-1.0205535154568808,-1.0033425311204067,0.0172109843364739,0.0,-0.0035418227558541,-1.0000000000000009,0.0564568081979282,BTC
2023-03-14 12:00:00,2023-03-14 16:00:00,2023-03-14 20:00:00,2,stop,1770.644058,1680.2414717362271,90.06647074632208,-1.022889297928918,-1.0037318606432055,0.0191574372857123,0.0,0.0594665468250165,-0.9999999999999992,0.0508665026939717,ETH
2023-03-14 12:00:00,2023-03-14 16:00:00,2023-03-15 16:00:00,7,stop,317.72353200000003,302.4674223309534,15.1956040834633,-1.0289991617726044,-1.003981782181938,0.0204069200185953,0.0046104595720707,0.0333299023334748,-1.0000000000000004,0.047826498678931,BNB
2023-03-16 04:00:00,2023-03-16 08:00:00,2023-03-21 04:00:00,30,trail,321.584304,327.34161326995013,15.771779586967044,0.6796943348151788,0.3650386589670381,0.0205723746547342,-0.3352280505028748,1.5334792035760996,-0.8682789360888754,0.0490439968331509,BNB
2023-03-17 20:00:00,2023-03-18 00:00:00,2023-03-21 04:00:00,20,trail,1789.567842,1720.9197800807617,91.35817372716704,-0.7872362485754434,-0.7514167492473031,0.0192127725350799,0.0166067267930602,0.6193442326132491,-0.7476485827819181,0.0510504109333269,ETH
2023-03-17 08:00:00,2023-03-17 12:00:00,2023-03-22 16:00:00,32,trail,26919.48282,27042.538650971223,1429.768451372863,0.0452512350140467,0.086066964796342,0.0188708952904776,0.0219448344918177,1.28595450419581,-0.559169437003827,0.053112775640348,BTC
2023-04-04 08:00:00,2023-04-04 12:00:00,2023-04-06 08:00:00,12,trail,1864.552836,1854.38859109318,59.39362277764296,-0.2177275961003386,-0.1711336071361178,0.0313075819689944,0.0152864069952264,1.354474777556118,-0.2785288255934972,0.0318540840628894,ETH
2023-04-11 00:00:00,2023-04-11 04:00:00,2023-04-11 16:00:00,4,trail,327.835554,324.4026780279031,5.509146924039282,-0.6884246050439521,-0.6231229661197573,0.0591959373221512,0.0061057016020435,1.073568391177259,-0.6113437351057371,0.0168046047990245,BNB
2023-04-14 04:00:00,2023-04-14 08:00:00,2023-04-14 12:00:00,2,stop,333.886764,326.854730446946,6.966649530159984,-1.056807044534701,-1.0093852895299125,0.0474217550047887,0.0,0.126780598934439,-1.000000000000002,0.0208653060897016,BNB
2023-04-10 20:00:00,2023-04-11 00:00:00,2023-04-14 16:00:00,23,trail,29629.02462,29953.335550084503,673.6762003050117,0.4040258154514514,0.4814047608297218,0.0442218087436576,0.0331571366346127,2.122644943301503,-0.0818265807446322,0.0227370360295381,BTC
2023-04-13 08:00:00,2023-04-13 12:00:00,2023-04-18 00:00:00,28,trail,1985.54703,2054.7914804786765,58.73861476899924,1.0949104345814475,1.1788573964672724,0.0343925246310972,0.0495544372547277,2.733346208987137,-0.0074402503654325,0.0295830891343829,ETH
2023-05-05 16:00:00,2023-05-05 20:00:00,2023-05-06 08:00:00,4,trail,1990.838088,1932.300179557821,60.349294135367785,-1.009034909991944,-0.969984972995286,0.0325035969663368,0.0065463400303214,0.5438657149225012,-0.9635799710989384,0.03031351193205,ETH
2023-06-21 00:00:00,2023-06-21 04:00:00,2023-06-26 00:00:00,30,trail,28710.34092,30244.67252542366,823.0415085664375,1.7762768476894346,1.864221414660043,0.0358153342400134,0.0521292327305952,3.389451262134994,-0.0508369499770147,0.0286670754227476,BTC
2023-06-22 00:00:00,2023-06-22 04:00:00,2023-06-26 16:00:00,28,stop,1918.073538,1858.1468911388645,59.55494314216421,-1.0766062959719425,-1.0062413579689615,0.0317036691658374,0.0386612688371433,0.342649340648138,-0.9999999999999984,0.0310493534070976,ETH
2023-07-03 04:00:00,2023-07-03 08:00:00,2023-07-05 08:00:00,13,trail,1968.3936,1912.3215217716024,56.28453761109366,-1.051481548950643,-0.9962252620042116,0.0344740783746504,0.0207822085717809,0.1706756492587176,-0.9894287095449922,0.0285941478427351,ETH
2023-07-13 16:00:00,2023-07-13 20:00:00,2023-07-14 16:00:00,6,stop,31606.8201,30845.759374356752,754.8903396911899,-1.0619614309919123,-1.0081738838446164,0.0413653322811792,0.0124222148661169,0.1150894314471432,-0.999999999999998,0.023883780060848,BTC
2023-07-13 16:00:00,2023-07-13 20:00:00,2023-07-14 16:00:00,6,trail,1995.859092,1954.2305426214089,49.96034682046998,-0.8847621966025049,-0.8332317933696779,0.0395322479327041,0.0119981553001228,0.7089804265627564,-0.8254071020242036,0.0250320010168683,ETH
2023-10-23 00:00:00,2023-10-23 04:00:00,2023-10-24 00:00:00,6,trail,30730.04478,33067.385200000004,786.2806456226108,2.923903317779812,2.9726541445633545,0.0405691214295898,0.0081817053539528,6.679364739852342,-0.504965729743485,0.0255867067962863,BTC
2023-10-23 00:00:00,2023-10-23 04:00:00,2023-10-24 04:00:00,7,trail,222.324456,227.82764732804003,4.437931651126487,1.1714273482009157,1.2400351696816123,0.0507164303909206,0.0178913910897761,3.6358252601534096,-0.922604564890202,0.0199615090978856,BNB
2023-10-22 20:00:00,2023-10-23 00:00:00,2023-10-27 16:00:00,29,trail,1663.152564,1762.9976151083763,37.598842245026844,2.5512627339824583,2.6555352544554194,0.0455619106139039,0.0587106098590569,5.571645920233323,-0.1835844826023327,0.0226069712778477,ETH
2023-11-05 00:00:00,2023-11-05 04:00:00,2023-11-07 12:00:00,15,trail,243.09861,243.88447169806523,7.061254361176455,0.0364306569708891,0.1112920818128292,0.0344827602001955,0.0403786646417445,1.8270677333099965,-0.5931821438170313,0.0290468726299029,BNB
2023-11-09 00:00:00,2023-11-09 04:00:00,2023-11-09 16:00:00,4,trail,36462.7911,36722.35415109998,1016.4109694952658,0.2084561231906432,0.2553721465923093,0.0360017490205967,0.0109142743810693,2.004217743745521,-0.0401324869803977,0.0278752925607844,BTC
2023-11-05 00:00:00,2023-11-05 04:00:00,2023-11-11 00:00:00,36,trail,1890.217968,2022.4513562469351,51.624494404002654,2.409090449983544,2.5614466499585244,0.0378954735481493,0.1144607264268307,4.830691997647233,-0.7771111071044119,0.0273113975625919,ETH
2023-11-24 12:00:00,2023-11-24 16:00:00,2023-11-26 12:00:00,12,trail,38224.94346,37297.98735617272,1055.777371325274,-0.9316277426941862,-0.8779844397154586,0.0357665038422692,0.0178767991364584,0.1195863289260596,-0.8709175240078387,0.02762011597035,BTC
2023-12-02 16:00:00,2023-12-02 20:00:00,2023-12-11 00:00:00,50,trail,2159.521818,2310.359006535646,57.25956292981166,2.449287176569781,2.634270693273385,0.0390317406894529,0.14595177601415,4.333043587917866,-0.198251914949387,0.0265149268011756,ETH
2023-12-01 08:00:00,2023-12-01 12:00:00,2023-12-11 00:00:00,58,trail,38585.7156,43427.60058350789,840.4396252231304,5.520826673504687,5.761133623634667,0.0487919142090271,0.1915150359209529,7.369457857672592,-0.4475224498132646,0.0217811076496694,BTC
2023-12-12 00:00:00,2023-12-12 04:00:00,2023-12-15 20:00:00,23,trail,253.45068,244.13777265570465,11.53581512801713,-0.7612216172913486,-0.8073037961294143,0.0215671128192409,-0.0676492916573065,0.3189475523982691,-0.8053769843654703,0.0455150293067555,BNB
2023-12-20 12:00:00,2023-12-20 16:00:00,2023-12-24 20:00:00,26,trail,257.90157,264.3413461620293,8.124698193971792,0.9223868827409052,0.7926172773786699,0.0321392194327607,-0.161908824794996,2.2312742660952707,-0.3571295733979194,0.0315030970690554,BNB
2023-12-26 08:00:00,2023-12-26 12:00:00,2023-12-26 16:00:00,2,trail,289.837956,284.23372072035227,10.937533143298827,-0.5386288700407108,-0.5123856729139404,0.0262431971267704,0.0,1.194240404016771,-0.5071872323677682,0.0377367177654911,BNB
2023-12-27 20:00:00,2023-12-28 00:00:00,2023-12-29 00:00:00,7,trail,2380.796064,2332.222845629842,76.19685286709696,-0.7154178676887627,-0.6374701387586137,0.0309265982274249,0.047021130702724,0.9806695839568838,-0.6313473415675666,0.0320047794178044,ETH
2023-12-27 08:00:00,2023-12-27 12:00:00,2023-12-29 12:00:00,13,trail,310.552098,310.0191069999353,16.12109877605646,0.039802474555166,-0.0330617042590384,0.0192471745760166,-0.0921113533902212,1.6858591574642203,-0.3319933755352401,0.0519110927920907,BNB
2024-01-08 16:00:00,2024-01-08 20:00:00,2024-01-09 20:00:00,7,stop,47016.50142,45266.36948376881,1741.0768513174546,-1.0397827185590398,-1.0052008530851957,0.0265016649994339,0.0080802004744102,0.1285403225197419,-1.0000000000000004,0.0370311868967951,BTC
2024-01-10 12:00:00,2024-01-10 16:00:00,2024-01-12 20:00:00,14,trail,2450.500002,2517.2232036069645,111.1378877218038,0.563928929088914,0.6003641330127065,0.0223493684621844,0.014085835461608,2.423925841332585,-0.4435031384020998,0.0453531473703723,ETH
2024-02-08 08:00:00,2024-02-08 12:00:00,2024-02-12 04:00:00,23,trail,316.35325800000004,317.4143579813896,5.901282861201383,0.533445021352182,0.17980835800396,0.0536974443428362,-0.4073341076910582,1.604183738122445,-0.3547123649609134,0.0186540922591079,BNB
2024-02-07 20:00:00,2024-02-08 00:00:00,2024-02-13 16:00:00,35,trail,44335.16526,48321.792480559074,955.4070784426556,4.048944974600141,4.172700109211462,0.0484908264923015,0.0752643081190192,6.378050652432703,-0.0296891876143883,0.0215496451369865,BTC
2024-02-14 08:00:00,2024-02-14 12:00:00,2024-02-17 12:00:00,19,trail,332.71653,348.8061010833313,7.708824253619089,2.0713106381162376,2.087162783063542,0.0442040581456617,-0.0283519131983573,4.461571423664667,-0.3472034011857771,0.0231693455495556,BNB
2024-02-14 08:00:00,2024-02-14 12:00:00,2024-02-17 12:00:00,19,trail,51611.42022,50796.390458018825,1688.7574912777382,-0.5412860086403306,-0.4826209601974953,0.0303204608142213,0.0283445876286138,0.7387560300656687,-0.4766039267239771,0.032720616562753,BTC
2024-02-07 16:00:00,2024-02-07 20:00:00,2024-02-17 12:00:00,59,trail,2419.143732,2728.650034349384,58.32009418264393,5.13432151537953,5.307026792173685,0.0441339630747833,0.1285713137193714,7.747522947836161,-0.1540417951292284,0.0241077425087216,ETH
2024-02-18 20:00:00,2024-02-19 00:00:00,2024-02-21 12:00:00,16,trail,2884.136712,2870.5249255603826,91.62544086208744,-0.2166508618395239,-0.1485590280553798,0.0314031866227097,0.0366886471614344,1.666494442627899,-0.30271845612998,0.0317687578681212,ETH
2024-02-25 16:00:00,2024-02-25 20:00:00,2024-02-28 16:00:00,18,trail,3085.186914,3202.6557534703884,96.51672520881824,1.0738979004457918,1.2170827306483871,0.0325738500444682,0.1106109801581271,3.06602907796299,-0.4966695036149045,0.0312839150104142,ETH
2024-02-26 16:00:00,2024-02-26 20:00:00,2024-02-28 20:00:00,13,trail,54542.10624,60229.2138548868,1320.332616096311,4.162687008957025,4.30732949073187,0.0434630329871798,0.1011794487876646,7.390481490073423,-0.1674625297477807,0.0242075839588315,BTC
2024-02-21 12:00:00,2024-02-21 16:00:00,2024-02-29 20:00:00,50,trail,369.543894,402.4858536611641,13.79645845357032,2.618659014320017,2.387711293592104,0.0279792727336258,-0.2589269934615393,4.158756117962425,-0.4127069290399308,0.0373337475671302,BNB
2024-03-07 08:00:00,2024-03-07 12:00:00,2024-03-14 16:00:00,44,trail,438.947772,578.6206916855328,23.73270148068667,5.772199202314599,5.885251613652017,0.0214381086054113,0.0916143027320078,8.247364007813607,-0.0209740977193463,0.0540672558207828,BNB
2024-04-08 08:00:00,2024-04-08 12:00:00,2024-04-09 04:00:00,5,stop,72487.09452,70260.8056172087,2212.233930673429,-1.0568166248432045,-1.0063532938008943,0.0322632923575479,0.0182000386847622,0.1823068864499446,-1.000000000000003,0.0305190040423409,BTC
2024-04-12 04:00:00,2024-04-12 08:00:00,2024-04-12 16:00:00,3,stop,621.354246,599.1692479392244,22.06514023962349,-1.0268337186209426,-1.0054319990650613,0.0276572793257726,-0.0062555597698913,0.1951383020112384,-0.9999999999999992,0.035511369531421,BNB
2024-05-21 08:00:00,2024-05-21 12:00:00,2024-05-23 20:00:00,15,trail,3780.385926,3658.602971372885,172.66261875656883,-0.7438523520373496,-0.7053232222709024,0.0215419786603053,0.0169871511061418,0.999081765597495,-0.7261903410417822,0.0456732783732643,ETH
2024-05-27 12:00:00,2024-05-27 16:00:00,2024-05-28 16:00:00,7,stop,3966.913224,3813.5002762755994,152.650095098621,-1.038641707357649,-1.0049973937146095,0.0254844698761864,0.0081598437668529,0.0666018320750582,-1.0000000000000002,0.0384808253871249,ETH
2024-06-03 04:00:00,2024-06-03 08:00:00,2024-06-07 16:00:00,27,trail,626.655306,684.8322988038944,14.73055660143606,3.8311422842155705,3.949408999129256,0.0445158876303438,0.0737508272833417,6.554042499017862,-0.4450141415132206,0.0235066334879737,BNB
2024-06-05 12:00:00,2024-06-05 16:00:00,2024-06-07 16:00:00,13,stop,71639.52504,69970.74717296129,1654.7809182143494,-1.078053480023333,-1.0084584905894731,0.0427882237020749,0.0268067657317849,0.304859062880891,-1.0000000000000029,0.0230987142543226,BTC
2024-08-23 20:00:00,2024-08-24 00:00:00,2024-08-25 04:00:00,8,stop,591.398256,572.196380475052,19.08741335641925,-1.0234303660802624,-1.0059967354607624,0.0304806789360939,-0.0130470483165938,0.0304778855645427,-0.9999999999999988,0.0322750585798468,BNB
2024-09-23 00:00:00,2024-09-23 04:00:00,2024-09-25 16:00:00,16,trail,597.1194,590.3249363138083,18.021871576263862,-0.412209764635818,-0.3770121020693862,0.0329445344033457,0.002253128163086,1.0859360481613871,-0.5060184765721539,0.0301813533043204,BNB
2024-09-23 00:00:00,2024-09-23 04:00:00,2024-09-26 00:00:00,18,stop,64332.96402,62631.08515663533,1689.3501405887885,-1.051409448658127,-1.0074162972345768,0.0375777780242716,0.006415373399278,0.2764589582578924,-0.9999999999999992,0.026259479355927,BTC
2024-09-26 12:00:00,2024-09-26 16:00:00,2024-09-30 00:00:00,21,trail,65213.04,64759.27296963402,1632.2236440322183,-0.337239195391128,-0.2780054265388563,0.0398144927764165,0.0194192760758551,0.7578373248804516,-0.3746055280081049,0.0250290991499893,BTC
2024-10-21 04:00:00,2024-10-21 08:00:00,2024-10-21 12:00:00,2,stop,609.4218599999999,598.5116472719917,10.790486453298907,-1.0670676925898976,-1.0110955400599857,0.055972152529912,0.0,0.2815572785480195,-0.9999999999999948,0.0177061033768938,BNB
2024-10-18 12:00:00,2024-10-18 16:00:00,2024-10-21 12:00:00,18,trail,68723.742,67718.58607962212,1776.637061074932,-0.6349953680101148,-0.5657632289679454,0.0383990436395234,0.030833095402646,0.4740743162761695,-0.5581384716114649,0.0258518673368358,BTC
2024-10-20 12:00:00,2024-10-20 16:00:00,2024-10-21 12:00:00,6,trail,2706.251142,2669.340471850403,64.33941935639366,-0.6239632461422404,-0.5736867152179097,0.0417752574364522,0.0085012734878784,0.9908211581282316,-0.5653873725336038,0.0237743712539719,ETH
2024-10-28 16:00:00,2024-10-28 20:00:00,2024-10-31 12:00:00,17,trail,69663.93,71227.53522488166,1492.2862567033774,0.9620450539032164,1.04779174763416,0.0472065813753878,0.0385401123555558,2.6778173303209,-0.1230527984661929,0.0214212183651335,BTC
2024-11-09 00:00:00,2024-11-09 04:00:00,2024-11-09 16:00:00,4,stop,635.997174,613.366915329092,22.50756074825765,-1.0428236640565114,-1.0054514091519162,0.0277543200550021,0.009617934849593,0.0294490374773866,-1.000000000000001,0.0353894037086675,BNB
2024-11-10 08:00:00,2024-11-10 12:00:00,2024-11-10 20:00:00,3,stop,642.318438,619.5112760902927,22.683234869081105,-1.04441234652314,-1.005463375984136,0.0278141482326724,0.0111348223063314,0.0992610627626607,-1.0000000000000024,0.0353146251565039,BNB
2024-11-07 00:00:00,2024-11-07 04:00:00,2024-11-13 04:00:00,37,trail,2854.750836,3167.5730946353497,136.181676847883,2.1976653356951577,2.297095070908674,0.0221113591418116,0.0773183760717048,4.363649925267006,-0.6048599041118363,0.0477035246405942,ETH
2024-11-06 00:00:00,2024-11-06 04:00:00,2024-11-14 20:00:00,53,trail,74381.97342000001,86738.21164962466,2823.1463679665912,4.223526663951538,4.376761463673028,0.0285355706133071,0.1246992291081827,6.743938888904715,-0.5881641273867028,0.0379547118496791,BTC
2024-11-20 12:00:00,2024-11-20 16:00:00,2024-11-24 12:00:00,24,trail,94756.54752,96077.74203508184,3146.8196756786647,0.3533987084011909,0.4198507227132097,0.0303217707436517,0.036130243568367,1.5582248064285669,-0.5285487226532283,0.0332095222761727,BTC
2024-11-27 12:00:00,2024-11-27 16:00:00,2024-12-02 16:00:00,31,trail,3555.781014,3566.837491140283,175.32685649187357,-0.0128712878861882,0.0630620850764828,0.0203124000728046,0.0556209728898664,1.1990118924521045,-0.1413418029379243,0.0493075517872354,ETH
2024-12-03 16:00:00,2024-12-03 20:00:00,2024-12-04 16:00:00,6,trail,690.9281579999999,728.1620399326017,33.006623022471544,1.0874541857614062,1.1280730508920054,0.0214970522274644,0.0191218129031347,3.1227624204338253,-0.0814429879169941,0.0477714254952561,BNB
2024-12-05 00:00:00,2024-12-05 04:00:00,2024-12-05 16:00:00,4,stop,103105.31694,99504.64302976476,3580.769000647362,-1.0678655249343971,-1.0055588365471966,0.028291403317714,0.0340152850694864,0.1651553227513676,-0.9999999999999984,0.0347292371229615,BTC
2024-12-04 12:00:00,2024-12-04 16:00:00,2024-12-05 20:00:00,8,trail,3825.144876,3706.765897682933,155.73882585887685,-0.8101591966851028,-0.7601121792476896,0.0241812236998241,0.025865793737589,0.865905616382388,-0.7553509934884978,0.0407144907990347,ETH
2024-12-06 12:00:00,2024-12-06 16:00:00,2024-12-09 04:00:00,16,trail,3997.089258,3894.446595408692,206.79447710585555,-0.5466776954949488,-0.4963510826199009,0.019080625275522,0.0312459875995258,0.4629753334804558,-0.4925838392243807,0.0517362670077895,ETH
2025-01-06 12:00:00,2025-01-06 16:00:00,2025-01-07 12:00:00,6,stop,3713.732598,3613.1948065464208,99.81500793556592,-1.0513097211152076,-1.0072412308826295,0.036702533797704,0.0073659564348741,0.3060401700285394,-1.0000000000000009,0.0268772738213086,ETH
2025-01-06 16:00:00,2025-01-06 20:00:00,2025-01-07 12:00:00,5,trail,732.8265359999999,721.260813736612,15.635949018581302,-0.7904723463966401,-0.7396878980382664,0.046498212165076,0.0042862361932976,0.8425113169878671,-0.7304603788912252,0.0213364940411782,BNB
2025-01-06 12:00:00,2025-01-06 16:00:00,2025-01-07 12:00:00,6,stop,102124.9209,99855.23915981271,2249.7066973467654,-1.0623339078888865,-1.008878954249492,0.044890331770364,0.0085646218690302,0.2832276317403854,-0.9999999999999972,0.0220289688111451,BTC
2025-01-17 12:00:00,2025-01-17 16:00:00,2025-01-19 20:00:00,14,trail,103967.08926,101561.17855410736,3036.305541689314,-0.845713309060795,-0.7923809619482713,0.0338451227967916,0.019487224315732,0.7550988227371909,-0.7856898372601695,0.0292044873363353,BTC
2025-01-20 04:00:00,2025-01-20 08:00:00,2025-01-20 16:00:00,3,stop,107200.23576,102256.07432973184,4923.706124341035,-1.0275572074257702,-1.0041544530503173,0.0212701880250585,0.0021325663503942,0.4266225861075606,-1.0000000000000016,0.0459299934317703,BTC
2025-02-13 00:00:00,2025-02-13 04:00:00,2025-02-13 16:00:00,4,stop,716.9033519999999,680.4092656956159,36.357977229429935,-1.0123006676851072,-1.003743582160669,0.019216039012266,-0.0106589534878279,0.386342945080841,-1.0,0.0507153120821646,BNB
2025-04-25 12:00:00,2025-04-25 16:00:00,2025-04-28 00:00:00,15,trail,95018.79996,92749.84658728675,2493.262140846808,-0.9430553646803032,-0.9100340215099132,0.0376552155248932,-0.0046338723545034,0.1923183415592001,-0.9025924935014868,0.0262396719585639,BTC
2025-05-01 08:00:00,2025-05-01 12:00:00,2025-05-04 08:00:00,18,trail,96149.226,95390.27320867233,2071.8598953828587,-0.3943344926718827,-0.3663147266950869,0.0462240472040407,-0.018204281227245,0.8283253147688674,-0.3571047067229544,0.0215483783029398,BTC
2025-05-09 04:00:00,2025-05-09 08:00:00,2025-05-09 12:00:00,2,trail,2364.182742,2273.720221353122,124.82970312299896,-0.7432643818525625,-0.7246874612666695,0.018576920585893,0.0,1.013919402462161,-0.7210438171667987,0.0528003613702882,ETH
2025-05-09 04:00:00,2025-05-09 08:00:00,2025-05-10 08:00:00,7,trail,631.906356,648.8390934646133,13.47252641941514,1.209302860701925,1.256834608259641,0.0475317475577164,0.0,3.5170570481655057,-0.2253739132123199,0.0213204477079435,BNB
2025-05-08 00:00:00,2025-05-08 04:00:00,2025-05-12 16:00:00,28,trail,99117.8196,102051.28768488578,2203.959192489868,1.2386993288011567,1.3309992738893544,0.0456381197915057,0.0466618252966917,3.06052871713096,-0.1986060365779703,0.0222357513652355,BTC
2025-05-10 16:00:00,2025-05-10 20:00:00,2025-05-15 12:00:00,29,trail,2498.84967,2509.084893422431,147.62873559218966,0.0335174577135742,0.0693308344163069,0.0169612458690169,0.0188521308337158,1.624144032922849,-0.6252147973072731,0.0590786782272459,ETH
2025-05-18 20:00:00,2025-05-19 00:00:00,2025-05-19 00:00:00,1,stop,106428.7815,104022.233003191,2385.7398884867025,-1.0528281042632186,-1.0087220775503314,0.0441060267128873,0.0,-0.008920293491633,-0.9999999999999988,0.0224163036996407,BTC
2025-05-21 12:00:00,2025-05-21 16:00:00,2025-05-23 12:00:00,12,trail,108958.38732,107510.85907835982,2909.1818561662653,-0.5525245635680549,-0.4975722774332677,0.0372044885986646,0.0177477975361225,1.03160023277296,-0.9875928910770038,0.0266999349726266,BTC
2025-05-29 00:00:00,2025-05-29 04:00:00,2025-05-29 12:00:00,3,stop,2762.592408,2646.1456144213607,115.91745858875726,-1.0302517329467469,-1.0045664820151028,0.0233301268345178,0.0023551240971261,0.0350904173497329,-0.9999999999999996,0.0419596673954072,ETH
2025-06-09 20:00:00,2025-06-10 00:00:00,2025-06-11 20:00:00,12,stop,110250.0456,108126.42492878898,2101.991060303068,-1.0832624725407285,-1.0102900584671506,0.0519451473065026,0.0210272667670752,0.0557349658676036,-1.0000000000000024,0.0190656706658366,BTC
2025-06-10 08:00:00,2025-06-10 12:00:00,2025-06-12 16:00:00,14,trail,2773.5445979999995,2701.594113098351,103.67714324192929,-0.7368492507951556,-0.6939859900822394,0.0264047529662453,0.0164585077466708,1.0171518880870558,-0.8199936393079313,0.0373807377450107,ETH
2025-06-29 08:00:00,2025-06-29 12:00:00,2025-06-30 12:00:00,7,stop,108469.98966,106916.90616322984,1531.6958380057831,-1.0941483607017897,-1.0139633850492338,0.0703099435536942,0.0098750320988617,0.2049429999161507,-0.999999999999996,0.0141209180788796,BTC
2025-07-09 16:00:00,2025-07-09 20:00:00,2025-07-14 16:00:00,30,trail,111741.14376,119403.7829899017,1888.155032117026,3.9111406529408494,4.058268044499624,0.061209202321363,0.0859181892374107,6.121772864720776,-0.6932395580528168,0.0168975810393747,BTC
2025-07-09 16:00:00,2025-07-09 20:00:00,2025-07-14 20:00:00,31,trail,669.643902,687.4327023005875,7.947666316180773,2.142595257272984,2.238241968509798,0.0853757914784176,0.010270919758396,4.826083088303571,-0.4232565719513707,0.0118684965135108,BNB
2025-07-18 00:00:00,2025-07-18 04:00:00,2025-07-18 20:00:00,5,trail,737.207412,727.9549179148042,21.64456794614181,-0.4672942367997716,-0.4274741869747052,0.0338459592624017,0.0059740905626646,1.3422577005136618,-0.4207463969829238,0.0293602147697096,BNB
2025-07-09 12:00:00,2025-07-09 16:00:00,2025-07-22 08:00:00,77,trail,2655.941082,3616.3625952831626,78.45225753302222,12.062489326172557,12.24211442072143,0.0399752911803909,0.1396498033684811,15.319876773387993,-0.0645116171178298,0.0295384028149997,ETH
2025-07-21 08:00:00,2025-07-21 12:00:00,2025-07-23 16:00:00,14,trail,769.75392,764.1634358967416,25.249560996034592,-0.2748977153066882,-0.2214091605052611,0.0303751292178434,0.0231134255835835,1.6157144279224074,-0.9803703123348386,0.0328021207037628,BNB
2025-07-27 12:00:00,2025-07-27 16:00:00,2025-07-29 00:00:00,9,trail,816.033174,817.853119678878,25.81788869040277,0.0255039583381303,0.0704916540892238,0.0316425233928256,0.0133451723582678,1.7711295663381603,-0.1151594553548949,0.0316382832377385,BNB
2025-07-27 20:00:00,2025-07-28 00:00:00,2025-07-29 00:00:00,7,trail,3872.254296,3728.985869173702,145.02959434592483,-1.0205465192604228,-0.9878564955823688,0.026205824402443,0.0064841992756109,0.4727014807507542,-0.9827130876698577,0.0374535304914604,ETH
2025-08-11 00:00:00,2025-08-11 04:00:00,2025-08-11 08:00:00,2,stop,821.904348,799.7899351818699,21.95442283309682,-1.0495106801981442,-1.0072873692125563,0.0369332023781815,0.0052901086074061,0.1482913955311076,-1.0000000000000002,0.0267116518929728,BNB
2025-08-10 20:00:00,2025-08-11 00:00:00,2025-08-11 16:00:00,5,trail,119279.15106,119057.68821689684,1941.148380714495,-0.1879361085252757,-0.1140885700976957,0.0613906802913155,0.0124568581362644,1.6334912732600455,-0.1695651209717674,0.016273995609996,BTC
2025-08-13 16:00:00,2025-08-13 20:00:00,2025-08-14 08:00:00,4,trail,122744.544,120688.70546217111,2536.73446063753,-0.8680694872598258,-0.8104271730956791,0.047981618344277,0.0096606958198695,0.7099899606943375,-0.8009099887072568,0.0206667797848312,BTC
2025-08-08 16:00:00,2025-08-08 20:00:00,2025-08-14 12:00:00,35,trail,4060.812,4506.358146193765,157.37856058630635,2.7588346734672475,2.831047282005273,0.0272183520877214,0.0449942564503041,4.658754008605385,-0.3545082620666339,0.0387554411744021,ETH
2025-08-12 16:00:00,2025-08-12 20:00:00,2025-08-14 12:00:00,11,trail,832.506468,828.5077434402655,25.784306093281185,-0.2090981123187796,-0.1550836600088511,0.0322097908206474,0.0218046614892809,1.4599396960234272,-0.1486559246636535,0.0309718988192668,BNB
2025-08-22 16:00:00,2025-08-22 20:00:00,2025-08-24 08:00:00,10,stop,895.6791,863.687838082451,31.818489795508107,-1.05705941196299,-1.0054299284205894,0.0276469271387422,0.0239825564036583,0.1911121501705746,-0.9999999999999988,0.0355244303406299,BNB
2025-08-22 16:00:00,2025-08-22 20:00:00,2025-08-25 04:00:00,15,trail,4833.026412,4643.327566191985,249.4509658321756,-0.7918792672288456,-0.7604654693365256,0.0189944223037553,0.0124193755885646,0.4996716993425354,-0.7567418867061839,0.0516138221824755,ETH
2025-09-12 00:00:00,2025-09-12 04:00:00,2025-09-14 12:00:00,15,trail,4504.510722,4579.185608475063,128.0331138370809,0.5266171368675912,0.583246663594275,0.0354740115984129,0.0211555151282709,2.0579775817628234,-0.0502270218014302,0.0284233120395891,ETH
2025-09-10 12:00:00,2025-09-10 16:00:00,2025-09-15 08:00:00,29,trail,896.219208,916.4842782084004,16.422610671607096,1.1410874756408245,1.233973733752119,0.0551892607836818,0.0376969973276129,3.030017151050839,-0.7416121738218237,0.0183243234746728,BNB
2025-09-16 16:00:00,2025-09-16 20:00:00,2025-09-22 00:00:00,32,trail,955.611084,1032.3221874553717,23.143050740530928,3.240787489757865,3.3146495816571835,0.0429488163367732,0.0309132755625452,5.559721466395068,-0.3945497118065081,0.0242180643653259,BNB
2025-10-02 20:00:00,2025-10-03 00:00:00,2025-10-03 16:00:00,5,trail,1091.1281820000002,1102.420906047692,32.41544947314108,0.3101212159065591,0.3483747481906416,0.0338349324735606,0.0044185998105217,2.4109435244683297,-0.2044760170761215,0.0297081956161417,BNB
2025-10-05 04:00:00,2025-10-05 08:00:00,2025-10-05 16:00:00,3,stop,124717.4385,122348.71114653828,2344.2527163049817,-1.0681454918588291,-1.0104402724955814,0.0526961423416765,0.0050090770215715,0.0535614181554225,-1.0,0.0187965110933943,BTC
2025-10-05 04:00:00,2025-10-05 08:00:00,2025-10-07 12:00:00,14,trail,4605.830982,4531.958903268978,136.45377872146514,-0.5942903083408654,-0.5413707075258931,0.033483095781178,0.0194365050337942,0.946540427170176,-0.9900127593809824,0.0296263104865851,ETH
2025-10-03 16:00:00,2025-10-03 20:00:00,2025-10-09 00:00:00,32,trail,1171.5742679999998,1258.14282222519,53.5695882690824,1.584702967944459,1.6160018589344478,0.0226781385552247,0.008620752434764,3.571723027604999,-0.6267411993415895,0.0457244493433022,BNB
2025-10-27 04:00:00,2025-10-27 08:00:00,2025-10-28 20:00:00,10,stop,115545.50448,113149.56964785112,2373.300391331149,-1.0693647390077416,-1.0095371158663295,0.0481808107737216,0.0116468123676903,0.2228101937418131,-1.0000000000000024,0.0205399630389077,BTC
2026-01-06 12:00:00,2026-01-06 16:00:00,2026-01-06 16:00:00,1,stop,3271.394148,3181.739971591644,89.0177011189798,-1.0433963391619,-1.0071499856924562,0.0362463534694435,0.0,-0.0073485159892609,-1.0000000000000009,0.0272109373226707,ETH
2026-01-13 20:00:00,2026-01-14 00:00:00,2026-01-16 12:00:00,16,trail,95394.27504,94652.45743447596,2209.514505202877,-0.3892247304447052,-0.3357378300876575,0.0430064459923122,0.0104804543647355,1.1485894091322064,-0.4439323831956175,0.0231619193528794,BTC
2026-01-13 16:00:00,2026-01-13 20:00:00,2026-01-18 16:00:00,30,time,942.458454,949.889984,20.89324951264371,0.2869667733098072,0.3556904824930568,0.0452861206882833,0.0234375884949663,0.8635107712221625,-0.8920801902413843,0.0221688812105914,BNB
2026-01-13 20:00:00,2026-01-14 00:00:00,2026-01-18 20:00:00,30,trail,3325.344936,3294.1471696003014,104.43505364788768,-0.3538586599342088,-0.2987288779961248,0.0316919074313808,0.0234378745067031,0.7509457912897454,-0.7078555850533151,0.0314057806506866,ETH
2026-04-07 20:00:00,2026-04-08 00:00:00,2026-04-12 00:00:00,25,trail,2239.587828,2214.7344491013987,89.30601487699815,-0.305279348375377,-0.2782945687682041,0.0249385345613975,0.0020462450457753,1.012274169041264,-0.9359708650657614,0.0398760940564453,ETH
2026-04-07 20:00:00,2026-04-08 00:00:00,2026-04-12 12:00:00,28,trail,71904.57804,71180.2268265512,2157.5484320357277,-0.3612308648986875,-0.335728831248226,0.0331591177148096,-0.0076570840643481,0.8661784515477587,-0.6843777029870828,0.0300057171719372,BTC
2026-04-13 20:00:00,2026-04-14 00:00:00,2026-04-16 12:00:00,16,trail,2369.27376,2300.426000869652,91.95634930070575,-0.7767600697686106,-0.7487004394357758,0.0253908500956214,0.0026687802372132,0.5124848948264887,-0.7436961386004297,0.0388120405725954,ETH
2026-04-17 12:00:00,2026-04-17 16:00:00,2026-04-18 08:00:00,5,stop,2441.198142,2352.201156172493,88.52645148940486,-1.0314612145842244,-1.0053151835432843,0.0270732601246655,-0.0009272290837256,0.2559896801320697,-0.9999999999999986,0.0362635256705864,ETH
2026-04-17 12:00:00,2026-04-17 16:00:00,2026-04-19 00:00:00,9,stop,643.82874,628.3237066193346,15.3793435013657,-1.0507510827650122,-1.008172642693658,0.0413591271469541,0.0012193129243998,0.3486013560672424,-1.0000000000000016,0.0238873205650398,BNB
2026-04-13 20:00:00,2026-04-14 00:00:00,2026-04-19 00:00:00,31,trail,74399.77698,75514.69565969668,1971.9937934564864,0.5524783111752092,0.5653763634531864,0.0380108885578509,-0.0251128362798737,1.9778069449010491,-0.5796047552444858,0.0265053723747934,BTC
2026-04-22 12:00:00,2026-04-22 16:00:00,2026-04-23 08:00:00,5,stop,79250.14686000001,77117.15556934838,2117.56477423448,-1.0399935392528596,-1.0072850269351137,0.0369214921621173,-0.004212979844371,0.0915453176963957,-0.999999999999997,0.0267200107272391,BTC
2026-05-04 00:00:00,2026-05-04 04:00:00,2026-05-04 08:00:00,2,stop,80294.75574,78816.04663499318,1462.942742407292,-1.0650715115879177,-1.010777156304543,0.0543803929445571,-8.603766118206526e-05,0.2019520323220895,-1.0000000000000004,0.0182196549316919,BTC
2026-05-06 08:00:00,2026-05-06 12:00:00,2026-05-06 12:00:00,1,stop,2409.471798,2343.4779412968787,65.52506735699238,-1.0434225301940614,-1.0071543512282777,0.0362681789657838,0.0,-0.007352880652146,-0.9999999999999968,0.0271947849364254,ETH
2026-05-05 00:00:00,2026-05-05 04:00:00,2026-05-07 12:00:00,15,trail,80852.96736,80083.54977511971,1896.199243557132,-0.4300571922700875,-0.4057683218124867,0.0424366051410332,-0.0181477346834323,1.0419435862096809,-0.397319887929686,0.0234524384876841,BTC
2026-05-11 20:00:00,2026-05-12 00:00:00,2026-05-12 12:00:00,4,stop,671.094192,655.6901387376853,15.272889001715022,-1.0520239769882,-1.008588045168467,0.0434359318197329,0.0,0.0521059244201017,-1.000000000000001,0.0227581898096877,BNB
2026-05-13 00:00:00,2026-05-13 04:00:00,2026-05-16 04:00:00,19,stop,681.7863299999999,663.4571838204289,18.196428199210867,-1.0513670903892498,-1.0072936281179568,0.0369644937757281,0.0071089684955649,0.4816148479282382,-1.0000000000000024,0.0266893415114539,BNB
2026-05-30 12:00:00,2026-05-30 16:00:00,2026-05-31 16:00:00,7,trail,695.128998,707.0698380569577,19.12431704478,0.5876764730271427,0.6243799466928897,0.0366601022345969,4.33714311500812e-05,2.69086743748825,-0.0161573351496133,0.0275118964966269,BNB
2026-08-11 20:00:00,2026-08-12 00:00:00,2026-08-13 12:00:00,10,stop,617.083392,606.5462263527621,10.415832135264957,-1.0750388569918543,-1.0116489504052324,0.0587389275509688,0.0046509790356531,0.3645035702088352,-1.0000000000000009,0.0168791321728926,BNB
2026-08-19 20:00:00,2026-08-20 00:00:00,2026-08-22 04:00:00,14,trail,628.085592,687.2723933296768,10.593735200457749,5.48128191728852,5.586962502811978,0.0620818795467363,0.0435987059767212,9.033113079498632,-0.4989356350696474,0.0168667062823783,BNB
2026-08-19 12:00:00,2026-08-19 16:00:00,2026-08-23 04:00:00,22,trail,2085.56703,2383.1461240834165,58.23465204507565,5.031322226563396,5.110000380067175,0.0383681622294615,0.0403099912743189,7.964896392631951,-0.3493972967203624,0.0279226949828966,ETH
2026-08-19 12:00:00,2026-08-19 16:00:00,2026-08-23 04:00:00,22,trail,68537.40474,75853.52574838603,1593.425318753598,4.50393112086643,4.591442675273177,0.0453083457344994,0.0422032086722471,6.914723351213301,-0.460520321450638,0.0232489882684985,BTC
2026-08-25 00:00:00,2026-08-25 04:00:00,2026-08-25 20:00:00,5,stop,80473.69152000001,77834.11278970564,2624.0087937491185,-1.0421630861007996,-1.0059336449566545,0.0301652579608011,0.0060641831833439,0.1670377328933216,-1.0000000000000002,0.0326070389488343,BTC
2026-09-03 16:00:00,2026-09-03 20:00:00,2026-09-04 12:00:00,5,stop,81739.14456,79601.58619051048,2121.6348675510176,-1.051274043297245,-1.007505298004873,0.0380227373753393,0.0057460079170323,0.2562436394286536,-1.0000000000000029,0.0259561667665074,BTC
2026-09-03 12:00:00,2026-09-03 16:00:00,2026-09-04 12:00:00,6,stop,728.485668,711.2106281955004,17.13276922474464,-1.0587491222142336,-1.0083040037421127,0.0420158667086977,0.0084292517634231,0.1263270386479045,-0.999999999999998,0.0235183339595153,BNB
2026-09-05 04:00:00,2026-09-05 08:00:00,2026-09-06 12:00:00,8,trail,738.89775,748.8637858621067,19.67044759497677,0.4607346100955063,0.5066501824112932,0.0378171754526327,0.0080983968631542,2.162749464372334,-0.0141201667455141,0.0266213391433074,BNB
2026-09-11 12:00:00,2026-09-11 16:00:00,2026-09-13 08:00:00,11,trail,2558.5216020000003,2485.2333728315284,94.30186562156923,-0.8082473316546382,-0.7771662700987854,0.0267426044097153,0.0043384571461375,0.254590912298013,-0.7718944114721259,0.036857951696735,ETH
2026-09-18 16:00:00,2026-09-18 20:00:00,2026-09-20 00:00:00,8,trail,767.163402,746.9998242695726,20.25408075341496,-1.0448958227637113,-0.995531615377197,0.0373792137175683,0.011984993668946,0.3577845910769427,-0.9881538502421956,0.0264012604102495,BNB
2026-09-21 08:00:00,2026-09-21 12:00:00,2026-09-23 12:00:00,13,trail,2724.774846,2678.0767280629875,88.39818697658586,-0.572379425021981,-0.5282700871385663,0.0305597419972767,0.0135495958861379,0.927452890201424,-0.5222097536811358,0.0324423822050307,ETH
2026-09-18 12:00:00,2026-09-18 16:00:00,2026-09-23 12:00:00,30,trail,80704.83773999999,84374.73868171558,2046.6931427348848,1.714207967216117,1.7930880135806295,0.0403283650525961,0.0385516813119164,3.263929565461653,-0.297522734251361,0.0253602287056018,BTC
2026-09-21 08:00:00,2026-09-21 12:00:00,2026-09-23 12:00:00,13,trail,791.228214,774.7726485874192,22.955489397909812,-0.7618041166818595,-0.7168466386118132,0.0341095072172586,0.0108479708527875,0.7406414084793207,-0.7100950715188026,0.0290124757835162,BNB
