sym,seg,n,win,avgR,medR,PF,totR,maxDD,maxLS,bars,fundR,top10_gross,top10_net,ci_lo,ci_hi,best,drop1,drop3,drop5,fee_r
BTC,IS,37,0.5405405405405406,1.0841591081954578,0.2084561231906432,4.149820073332427,40.11388700323194,3.0325993976614356,4,19.89189189189189,0.06310493421429403,0.6125422135338435,0.8070111670845111,0.2117693940287791,2.2832106657869304,18.11439289102202,0.6110970586724979,0.3467444322464821,0.13977382519891846,0.03351416911450745
BTC,OOS,38,0.2631578947368421,0.05882428538020518,-0.740354338535455,1.0953809495969145,2.2353228444477966,9.90039867992454,6,15.105263157894736,0.02166070106728051,0.6598515957816933,7.577916456430116,-0.4571247187171811,0.6563610533469293,4.50393112086643,-0.0613137372005037,-0.3044234842664914,-0.5640881083899452,0.04158581252199219
BTC,ALL,75,0.4,0.5646561313023966,-0.4152540720698158,2.170804587994361,42.349209847679745,9.900398679924542,6,17.466666666666665,0.0421065227531405,0.6280093333066064,1.1644005806132236,0.03329048297326168,1.2293771787431242,18.11439289102202,0.32749752644132046,0.194786576955947,0.07567393937157456,0.03760380177429973
ETH,IS,42,0.38095238095238093,0.3934160901908991,-0.6824403374944767,1.7597574603006294,16.523475788017763,6.945365701882107,5,20.523809523809526,0.07812943405839447,0.5626765354115224,1.303276746416856,-0.15631753162898104,1.0256490401798055,7.864093305540815,0.21120445079212072,-0.0002727196393712607,-0.13543745882399238,0.026021620078234435
ETH,OOS,31,0.2903225806451613,0.43505103399083705,-0.5942903083408654,1.8484254839449472,13.48658205371595,5.4137306007205,7,18.322580645161292,0.02865326658484106,0.8504003191548478,1.8527279663640268,-0.3528839667544664,1.4930957110868555,12.062489326172557,0.047469757584779754,-0.312198250514269,-0.5268481162908438,0.028566253324486333
ETH,ALL,73,0.3424657534246575,0.41109668276347544,-0.6239632461422404,1.7971991298608878,30.01005784173371,6.945365701882107,7,19.589041095890412,0.05711900677510466,0.6514332422671218,1.468585717559961,-0.07221484216793742,0.980682778146619,12.062489326172557,0.24927178493834937,0.06301785335716238,-0.08462344127855234,0.027102217758149624
BNB,IS,44,0.3409090909090909,0.06775535322339782,-0.3832306808510505,1.1471724155003236,2.981235541829504,6.367488723055339,7,15.386363636363637,-0.015372143619562538,0.742979820151789,5.791343113136929,-0.32461166633809174,0.5295815216294103,5.277920344874553,-0.05341127448941973,-0.2523288829280338,-0.36625954825599566,0.02587158268110261
BNB,OOS,37,0.4594594594594595,0.40034947441607893,-0.2748977153066882,1.8429829368575719,14.81293055339492,5.305262662205973,5,14.297297297297296,-0.005620146272675905,0.5658615750543202,1.237122582025244,-0.15261868983497606,1.026558479961611,5.772199202314599,0.2511314264188978,-0.00799096618893437,-0.19159810482817657,0.038857560908125886
BNB,ALL,81,0.3950617283950617,0.2196810629040053,-0.3575531865679495,1.47038679905372,17.79416609522443,6.367488723055339,7,14.88888888888889,-0.010917527547527901,0.6641920214721169,2.0762044818733774,-0.12030337820581494,0.5949406654279755,5.772199202314599,0.15027458616137285,0.016189290137778915,-0.09556774120902915,0.031803449278631754
POOLED,IS,123,0.4146341463414634,0.4847040514884488,-0.2965815029222776,2.089115025614623,59.618598333079206,12.504666716507757,10,18.495934959349594,0.040162150220493444,0.6217210255817601,1.1925707622575559,0.1864124286629473,0.760653661284842,18.11439289102202,0.34019840526276385,0.23306572217914506,0.14550118341625562,0.028221804377976726
POOLED,OOS,106,0.33962264150943394,0.28806448539206286,-0.5624519942950179,1.5366045978966236,30.534835451558664,13.363388653490636,12,15.764150943396226,0.014183136722620037,0.6651864261262916,1.904807608527041,-0.32332241404713363,0.8463259889974061,12.062489326172557,0.17592710595605812,0.0700860680173106,-0.029176027090692426,0.036825891344296584
POOLED,ALL,229,0.3799126637554585,0.3936831169634842,-0.4300571922700875,1.807506678571632,90.15343378463788,13.36338865349066,12,17.231441048034934,0.028136929998770384,0.6288762201821994,1.4076638598022144,0.07022005669593874,0.7017519415888208,18.11439289102202,0.3159607056737538,0.23058609850399325,0.18155372135968267,0.032204482187714295
